image,question,refs,fusion,skill,win
VizWiz_val_00000017.jpg,Can you see if this is 32 bit or 64 bit?  Thanks.,"['unanswerable', 'no', 'unanswerable', '32', 'unanswerable', 'unanswerable', 'unanswerable', 'unanswerable', 'no', 'no']",cd,unanswerable,skill wins
VizWiz_val_00000022.jpg,Can you tell what this is?,"['bottle something dropper lid', 'unanswerable', 'bottle meds', 'some kind drops', 'dropper bottle', 'medicine', 'dropper bottle', 'yes', 'nose drops', 'bottle dropper']",no,unanswerable,skill wins
VizWiz_val_00000049.jpg,What kind of pop is this?,"['nestea', 'unanswerable', 'nestle tea', 'unanswerable', 'orange nestea', 'orange juice', 'unanswerable', 'nestea', 'orange', 'nestle']",unanswerable,nestea,fusion wins
VizWiz_val_00000058.jpg,I cannot move the camera slightly closer to the monitor.,"['yes', 'unanswerable', 'unanswerable', 'unanswerable', 'unanswerable', 'unanswerable', 'unanswerable', 'unanswerable', 'unanswerable', 'unanswerable']",yes,unanswerable,skill wins
VizWiz_val_00000061.jpg,What is this?,"['email tab', 'desktop', 'close up computer screen', 'computer screen', 'computer screen', 'program window', 'computer screen', 'unanswerable', 'screen', 'unanswerable']",unanswerable,computer screen,skill wins
VizWiz_val_00000068.jpg,What does the screen say?,"['windows please', 'unanswerable', 'unanswerable', 'image cutoff cant read', 'unanswerable', 'please wait', 'unanswerable', 'unanswerable', 'windows', 'please wait windows']",nothing,unanswerable,skill wins
VizWiz_val_00000085.jpg,please explain what is on this piece of paper,"['unanswerable', 'stress advertisement', 'stress relieve instructions', 'talks about stress relief', 'unanswerable', 'unanswerable', 'tips to manage stress', 'stress', 'managing stress eating right', 'how to heal stress']",i dont know,unanswerable,skill wins
VizWiz_val_00000093.jpg,"Is this picture clear, and where are we now?","['card', 'unanswerable', 'no', 'yes unanswerable', 'yes on windows repair screen', 'no', 'no', 'unanswerable', 'yes', 'yes hit close']",unanswerable,computer screen,fusion wins
VizWiz_val_00000096.jpg,Is this caffeinated or decaffeinated?,"['caffeinated', 'caffeinated', 'caffeinated', 'caffeinated', 'caffeinated', 'unanswerable', 'caffeinated', 'caffeinated', 'caffeinated', 'caffeinated']",unanswerable,pepsi,fusion wins
VizWiz_val_00000108.jpg,What does this screen say?,"['expanding windows files 52%', 'expanding windows files', 'expanding windows files 52%', 'expanding windows files', 'unanswerable', 'unanswerable', 'thats all they need', 'expanding windows files', 'expanding windows files', 'expanding windows']",installing windows,unanswerable,skill wins
VizWiz_val_00000122.jpg,What is this item?,"['mexican steak marinade', 'bottle', 'unanswerable', 'bottled sauce', 'marinade', 'hot sauce', 'unanswerable', 'bottle sauce', 'unanswerable', 'unanswerable']",unanswerable,sauce,fusion wins
VizWiz_val_00000127.jpg,What does the screen say?,"['windows 7 home premium', 'windows', 'windows 7 home premium', 'windows 7 home premium', 'windows 7 home premium', 'windows 7 home premium', 'windows 7 home premium', 'windows home premium', 'windows 7 home premium', 'windows home premium']",starting windows,windows,skill wins
VizWiz_val_00000129.jpg,"Ok I have taken a picture of a sticker close up now hopefully you can see it. Again, I need the model number. Thank You","['unanswerable', 'unanswerable', 'unanswerable', 'unanswerable', 'unanswerable', 'unanswerable', 'unanswerable', 'unanswerable', 'cannot see model number in image', 'unanswerable']",no,unanswerable,skill wins
VizWiz_val_00000133.jpg,Can you tell us what this screen says? Thanks.,"['something about remembering your password', 'next', 'if you need help will show you hint for your password', 'you remember you passwords will show you your hint next', 'hint for password', 'password setup screen', 'unanswerable', 'next', 'no not image full screen', 'no']",next,unanswerable,fusion wins
VizWiz_val_00000155.jpg,Is this piece of mail?,"['yes', 'unanswerable', 'unanswerable', 'unanswerable', 'unanswerable', 'yes', 'unanswerable', 'unanswerable', 'unanswerable', 'unanswerable']",unanswerable,no,fusion wins
VizWiz_val_00000156.jpg,Can you tell what I'm playing?,"['no', 'angry birds', 'angry birds', 'no', 'angry birds', 'angry birds', 'angry birds', 'unanswerable', 'unanswerable', 'no']",unanswerable,no,skill wins
VizWiz_val_00000172.jpg,What's on this channel?,"['sports game', 'hockey game', 'maple leafs at rangers', 'maple leafs', 'unanswerable', 'unanswerable', 'unanswerable', 'sports team information', 'maple leafs at new york rangers', 'unanswerable']",unanswerable,yes,fusion wins
VizWiz_val_00000179.jpg,Is this person attractive?,"['unanswerable', 'unanswerable', 'unanswerable', 'unanswerable', 'unanswerable', 'unanswerable', 'unanswerable', 'unanswerable', 'unanswerable', 'unanswerable']",unanswerable,no,fusion wins
VizWiz_val_00000201.jpg,Can you read this seven day forecast and write it out in the app so I can use voice over to read it? It's a seven day forecast,"['wed 100 thu 101 80 fri 102 80 sat 10280 sun 101 80 mon 10081 tues 100 80', 'wed 100 thu 101 fri 100 sat 102 sun 101 mon 100 tue 100', '100 101 100 102 101 100 100', 'unanswerable', '100 80 101 81 100 80 102 80 101 80 1000 81 100 80', 'yes', 'yes', 'yes', 'wed 100 thu 101 80 fri100 81 sat102 80 sun101 80 mon100 81 tue 100 80', 'yes wed 100 thu 100 fri 100 sat 102 sun 101 mon 100 tue 100']",yes,unanswerable,fusion wins
VizWiz_val_00000204.jpg,What does this CD say?,"['death cab for cutie codes keys', 'data music', 'unanswerable', 'unanswerable', 'death cab for cutie codes keys', 'hpl', 'death cab for cutie codes keys', 'death cab for cutie codes keys', 'unanswerable', 'death cab for cutie codes keys']",unanswerable,harry potter,fusion wins
VizWiz_val_00000221.jpg,"Hi, what do you see in the screen?","['file storage sizes', 'unanswerable', 'words', 'contacts', 'unanswerable', 'unanswerable', 'storage information', 'languages to choose from', 'unanswerable', 'unanswerable']",yes,unanswerable,skill wins
VizWiz_val_00000229.jpg,Please tell me about this calendar? ,"['month october has horse images', 'october', 'october', 'unanswerable', 'month october', 'unanswerable', 'october month', 'october', 'october', 'unanswerable']",unanswerable,no,fusion wins
VizWiz_val_00000231.jpg,Just curious to see whether you could read what was on the computer screen. Just testing this application.,"['australia lucky google go to googlecom', 'no', 'partially', 'no cannot read what on computer screen', 'partial', 'no', 'no', 'google', 'barely', 'unanswerable']",no,unanswerable,fusion wins
VizWiz_val_00000232.jpg,Is it possible then that we have a blank screen? If so this may mean that something is happening.,"['no', 'yes', 'yes driver installation', 'no blank screen query screen', 'yes', 'no', 'no', 'waiting for driver to be installed', 'driver installation', 'unanswerable']",error message,unanswerable,skill wins
VizWiz_val_00000244.jpg,Which one of the three images is the Google logo?,"['unanswerable', '0', 'unanswerable', 'unanswerable', 'unanswerable', 'unanswerable', 'unanswerable', 'unanswerable', 'first image', 'left']",unanswerable,laptop,fusion wins
VizWiz_val_00000265.jpg,What color has the light?,"['white', 'red', 'clear', 'unanswerable', 'red', 'unanswerable', 'red', 'unanswerable', 'unanswerable', 'unanswerable']",white,pink,fusion wins
VizWiz_val_00000277.jpg,Can you tell me what the computer screen is saying? Windows is not booting.,"['unanswerable', 'starting repairs', 'unable to start checking your system for problems starting repairs', 'unanswerable', 'unable to start system will repair could take some minutes', 'unable to start checking your system for problems', 'problems', 'unanswerable', 'that problem that needs no be fixed', 'unable to start']",startup repair,unanswerable,skill wins
VizWiz_val_00000298.jpg,Can you see a bottle in this picture and if so what is it?,"['unanswerable', 'no', 'no', 'no', 'no', 'no bottle', 'no', 'no', 'no', 'no']",no,computer screen,fusion wins
VizWiz_val_00000314.jpg,Can you please tell me not to compare skin cells? Thank you very much.,"['unanswerable', 'dont compare skin cells', 'unanswerable', 'yes', 'unanswerable', 'unanswerable', 'unanswerable', 'do not compare skin cells', 'do not compare skin cells', 'unanswerable']",yes,computer screen,fusion wins
VizWiz_val_00000319.jpg,There should be a skin of a document on the screen. Can you please tell me if that's true or not? Thank you very much,"['yes', 'yes', 'not true', 'not', 'yes', 'unanswerable', 'no', 'yes', 'yes', 'unanswerable']",no,unanswerable,skill wins
VizWiz_val_00000332.jpg,I'm trying again.  I moved the camera.  Can you tell me where this piece of mail is from?  Thank you.,"['no', 'vancouver washington', 'unanswerable', 'unanswerable', 'vancouver washington', 'clark', 'unanswerable', 'unanswerable', 'unanswerable', 'first word clark cant read other name']",unanswerable,no,fusion wins
VizWiz_val_00000345.jpg,What is on the monitor?,"['unanswerable', 'unanswerable', 'unanswerable', 'nothing', 'nothing', 'white screen', 'unanswerable', 'start bar', 'unanswerable', 'unanswerable']",nothing,no,fusion wins
VizWiz_val_00000350.jpg,"There are four sets of five numbers on this ticket, can you read them for me?","['yes', 'unanswerable', '0103041329 0304111325 0407121320 1307131525', '1341329 34111325 47121320 37131525', '01 03 04 13 29 03 04 11 13 25 04 07 12 13 20 03 07 13 15 25', '01 03 14 13 29 03 04 11 13 25 04 07 12 13 20 03 07 13 15 25', 'yes', '01 03 04 13 29 03 04 11 13 25 04 07 12 13 20 03 07 13 15 25', '01 03 04 13 29 03 04 11 13 25 03 07 13 15 25', 'yes']",10,unanswerable,skill wins
VizWiz_val_00000351.jpg,ok as requested i've moved my camera to the left and can you please tell me what the screen says thank you very much,"['yes', 'copying windows files', 'installing windows', 'installing windows expanding windows files 53%', 'installing windows', 'installing expanding windows', 'expanding windows', 'expanding windows files', 'installing windows expanding windows files', 'installing windows']",installing windows,unanswerable,fusion wins
VizWiz_val_00000376.jpg,What is this thing?,"['laptop screen', 'unanswerable', 'monitor', 'computer screen', 'video game', 'computer screen', 'unanswerable', 'computer screen', 'monitor', 'desktop']",unanswerable,computer screen,skill wins
VizWiz_val_00000387.jpg,What it is a?,"['laptop lots cords', 'unanswerable', 'unknown', 'desk computer cables wires more', 'unanswerable', 'computer cords accesories', 'unanswerable', 'unanswerable', 'cords plugged into laptop', 'unanswerable']",unanswerable,computer,fusion wins
VizWiz_val_00000389.jpg,What was that?,"['unanswerable', 'television', 'program', 'emergency alert system', 'emergency alert system', 'tv', 'unanswerable', 'emergency alert system', 'unanswerable', 'unanswerable']",unanswerable,tv,fusion wins
VizWiz_val_00000398.jpg,What's on the screen,"['text', 'website url', 'please visit: wwwhpcom go techcenter', 'unanswerable', 'visit: wwwhpcom go techcenter', 'please visit: wwwhpcom go techcenter', 'website', 'unanswerable', 'web address', 'full computer screen not shown on image']",unanswerable,microsoft corporation,fusion wins
VizWiz_val_00000432.jpg,Is Windows up on the computer? Am I at the desktop?,"['yes', 'yes', 'no', 'no', 'yes', 'unanswerable', 'loading', 'yes', 'windows up on computer', 'no windows not up youre at laptop']",yes,unanswerable,fusion wins
VizWiz_val_00000439.jpg,What is on the screen?,"['unanswerable', 'unanswerable', 'windows', 'unknown', 'unanswerable', 'unanswerable', 'install windows', 'unanswerable', 'software license agreement', 'unanswerable']",startup repair,unanswerable,skill wins
VizWiz_val_00000445.jpg,"Can you see if there's a year and date, and the team that Ricky Henderson is on, on the back of this baseball card? Thank you.","['1991 athletes', '1991 no date', '1991 oakland athletics', 'no', '1991 athletics', 'yes', 'unanswerable', 'no', 'no', '1991']",no,unanswerable,fusion wins
VizWiz_val_00000455.jpg,What is this thing?,"['computer message', 'laptop', 'computer screen', 'dialog box', 'computer', 'laptop', 'computer screen', 'computer screen', 'computer dialog box', 'message to restore computer using system restore']",unanswerable,computer screen,skill wins
VizWiz_val_00000466.jpg,What does it say on the screen?,"['next cancel', 'big white box next l cancel r buttons bottom r below latitude e6420 installing drivers', 'unanswerable', 'unanswerable', 'latitude e6420', 'unanswerable', 'unanswerable', 'unanswerable', 'image only shows next button cancel button', 'next']",microsoft corporation,unanswerable,skill wins
VizWiz_val_00000467.jpg,"Can you tell me what the number is on my King Soopers card, please?","['turn over', 'unanswerable', 'unanswerable', 'no', 'unanswerable', 'unanswerable', 'no', 'unanswerable', 'unanswerable', 'unanswerable']",unanswerable,no,fusion wins
VizWiz_val_00000496.jpg,What's this?,"['laptop', 'unanswerable', 'computer screen showing access apple', 'monitor', 'screen', 'computer screen', 'web page access', 'computer screen', 'sign on screen for apple', 'unanswerable']",unanswerable,laptop,fusion wins
VizWiz_val_00000511.jpg,What's on the screen?,"['do you want to restore your comp using system restore pop up', 'error message', 'do you want to restore your computer using system restore', 'startup', 'startup repaid diagnostic screen', 'systems restore question: do you want to use to restore your computer', 'startup repair', 'startup repair', 'question to restore computer', 'do you want to restore your computer using system restore']",startup repair,system restore,fusion wins
VizWiz_val_00000517.jpg,Is there an error message on the screen? And is there an action item or action that needs to be taken?,"['unanswerable', 'yes startup repair', 'your computer was unable to start startup repair', 'yes', 'yes move mouse down to right click ok', 'unanswerable', 'startup repair', 'startup repair hit ok', 'yes startup repair', 'yes error message action to be taken']",startup repair,unanswerable,skill wins
VizWiz_val_00000521.jpg,What is my computer screen showing?,"['your computer was unable to restart', 'repairs', 'your computer was unable to start', 'startup repair', 'startup repair', 'startup repair screen', 'attempting repairs', 'attempting repair', 'computer unable to restart', 'windows repairs']",startup repair,unanswerable,fusion wins
VizWiz_val_00000528.jpg,Can you see actually the whole screen now and did it actually change when I hit enter?,"['no', 'no dont know', 'unanswerable', 'no', 'unanswerable', 'whole screen now', 'user license agreement', 'unanswerable', 'yes on license agreement', 'unanswerable']",yes,unanswerable,skill wins
VizWiz_val_00000529.jpg,What kind of computer is this?,"['macbook', 'macbook', 'unanswerable', 'laptop', 'laptop', 'laptop', 'microsoft', 'mac laptop', 'acer laptop', 'laptop computer']",laptop,unanswerable,fusion wins
VizWiz_val_00000556.jpg,Yes this is a Google Street View and I need as detailed a description as possible of the image. Thank you.,"['unanswerable', 'has house at far end field trees on', 'building lawn trees', 'street trees grassy area brick building behind trees', 'parking long trees grass building in back', 'grassy park area trees brick building in background', 'trees on left right grass ground ahead brick building straight forward bushes', 'lawn trees building', 'beyond trees looks like office building', 'commercial building grass trees in front building']",yes,unanswerable,skill wins
VizWiz_val_00000564.jpg,Please tell me any visible text on this screen.,"['unanswerable', 'no text visible', 'unanswerable', 'no', 'unanswerable', 'unanswerable', 'unanswerable', 'unanswerable', 'no', 'unanswerable']",no,unanswerable,skill wins
VizWiz_val_00000572.jpg,Can you see the Captcha?,"['no', 'no', 'unanswerable', 'no', 'no', 'no', 'no', 'no', 'unanswerable', 'no']",unanswerable,no,skill wins
VizWiz_val_00000593.jpg,What does the sky look like in this photograph?,"['cloudy sun shining through', 'cloudy', 'cloudy', 'bird', 'cloudy', 'dark clouds slight crack sun', 'dusk', 'grey cloudy', 'grey cloudy some sun coming through', 'cloudy']",cloudy,clear,fusion wins
VizWiz_val_00000595.jpg,What is this?,"['plug', 'cord', 'unknown', 'electrical plug', 'charger', 'camera', 'plug', 'phone', 'plug', 'plug for outlet']",plug,charger,fusion wins
VizWiz_val_00000596.jpg,Does this shoe have a stiletto heel?,"['yes', 'no', 'yes', 'yes', 'yes', 'yes', 'yes', 'yes', 'yes', 'no']",yes,no,fusion wins
VizWiz_val_00000604.jpg,What is this?,"['computer screen hand', 'monitor', 'computer', 'tablet', 'computer', 'computer screen', 'hand', 'unanswerable', 'computer router', 'unanswerable']",unanswerable,laptop,fusion wins
VizWiz_val_00000605.jpg,what is this?,"['laptop screen', 'laptop computer', 'computer', 'screen', 'computer screen', 'computer', 'computer screen', 'computer screen', 'computer screen', 'computer screen']",computer screen,tv,fusion wins
VizWiz_val_00000618.jpg,What kind of food is in this can?,"['garden vegetable soup', 'garden vegetable soup', 'garden vegetable', 'vegetable soup', 'soup', 'soup', 'vegetable soup', 'progresso vegetable classics garden vegetable', 'garden vegetable soup', 'soup']",unanswerable,soup,skill wins
VizWiz_val_00000630.jpg,What's this?,"['computer screen', 'corner laptop screen', 'unanswerable', 'computer screen', 'blurry computer screen', 'wed page', 'unanswerable', 'computer screen', 'unanswerable', 'computer screen']",unanswerable,tv,fusion wins
VizWiz_val_00000636.jpg,Which lottery to get has two sets of numbers?,"['unanswerable', 'unanswerable', 'unanswerable', 'left 1', 'left hand ticket', 'left', 'left ticket', 'unanswerable', 'left 1', 'unanswerable']",10,unanswerable,skill wins
VizWiz_val_00000641.jpg,What this that picture?,"['unanswerable', 'table', 'some wooden cabinet top laptop', 'looks to be table surface looking down from computer monitor', 'unanswerable', 'desktop', 'wall', 'part laptop screen', 'wood table', 'unanswerable']",unanswerable,laptop,fusion wins
VizWiz_val_00000650.jpg,what can i hear on the screen.,"['nothing', 'computer screen to login', 'desktop screen', 'unanswerable', 'unanswerable', 'unanswerable', 'windows desktop', 'unanswerable', 'unanswerable', 'just shows normal desk top home screen']",nothing,apple,fusion wins
VizWiz_val_00000661.jpg,Is this a snakebite?,"['unanswerable', 'possibly', 'unanswerable', 'no', 'unanswerable', 'unanswerable', 'maybe', 'maybe', 'no', 'unanswerable']",no,unanswerable,skill wins
VizWiz_val_00000687.jpg,What's this?,"['room', 'half computer screen', 'monitor', 'laptop', 'laptop', 'computer screen', 'computer monitor', 'laptop', 'laptop', 'tv']",keyboard,laptop,skill wins
VizWiz_val_00000689.jpg,What is this device,"['tablet', 'tablet', 'computer tablet', 'computer screen', 'monitor', 'tablet', 'ipad', 'computer screen', 'laptop', 'tablet']",laptop,tablet,skill wins
VizWiz_val_00000695.jpg,What is the letter on the wall?,"['t', 't', 't', 't', 't', 't', 't', 't', 't', 't']",t,entertainment center,fusion wins
VizWiz_val_00000704.jpg,What is this a picture of? From a new user.,"['laptop keyboard', 'laptop', 'laptop', 'keyboard computer screen from laptop computer', 'laptop computer', 'laptop keyboard', 'laptop', 'desktop laptop', 'laptop keyboard screen', 'laptop']",unanswerable,laptop,skill wins
VizWiz_val_00000730.jpg,"What, what is this?","['system restore disk check on desktop', 'computer keyboard', 'computer', 'computer', 'computer screen keyboard', 'keyboard monitor', 'computer', 'computer system menu', 'computer', 'desktop monitor keyboard']",unanswerable,computer,skill wins
VizWiz_val_00000740.jpg,What is the computer screen showing?,"['error message', 'text', 'advanced boot options', 'script', 'startup screen', 'advanced boot options screen', 'advanced boot options', 'advanced boot options shows middle screen not left right', 'advanced boot options', 'code']",startup repair,error message,skill wins
VizWiz_val_00000762.jpg,What is this?,"['computer game screen', 'minecraft', 'minecraft hole in ground', 'minecraft screen', 'tunnel in minecraft game', 'minecraft screen', 'computer screen', 'animation hole in ground', 'unanswerable', 'picture']",video game,computer screen,skill wins
VizWiz_val_00000790.jpg,What is this?,"['radio', 'universal remote', 'phone', 'cellphone', 'unanswerable', 'cordless phone', 'controller', 'audio recorder', 'recorder', 'phone']",unanswerable,phone,skill wins
VizWiz_val_00000801.jpg,What is it?,"['music files on computer screen', 'itunes', 'unanswerable', 'unanswerable', 'unanswerable', 'computer screen', 'computer screen', 'unanswerable', 'itunes', 'music notes']",unanswerable,tablet,fusion wins
VizWiz_val_00000802.jpg,Does it have any writing on it?,"['yes', 'yes', 'yes', 'yes', 'yes', 'yes', 'yes', 'yes', 'yes', 'no']",unanswerable,no,skill wins
VizWiz_val_00000807.jpg,What this?,"['pc screen', 'you cam window on screen', 'computer screen', 'laptop webcam on', 'you can settings window', 'computer screen', 'you cam', 'computer screen', 'youcam', 'web cam']",unanswerable,computer screen,skill wins
VizWiz_val_00000825.jpg,It says books.,"['unanswerable', 'laptop', 'unanswerable', 'unanswerable', 'unanswerable', 'unanswerable', 'unanswerable', 'no', 'unanswerable', 'unanswerable']",yes,no,skill wins
VizWiz_val_00000836.jpg,What does this card say?,"['redemption instructions terms service', 'unanswerable', 'unanswerable', 'unanswerable', 'itunes', 'itunes for iphone', 'unanswerable', 'unanswerable', 'unanswerable', 'unanswerable']",unanswerable,itunes,fusion wins
VizWiz_val_00000842.jpg,What is in this picture?,"['laptop screen', 'unanswerable', 'unanswerable', 'web page', 'computer monitor', 'unanswerable', 'laptop', 'computer', 'computer', 'unanswerable']",unanswerable,laptop,fusion wins
VizWiz_val_00000849.jpg,Which laptop is this?,"['hp', 'unanswerable', 'unanswerable', 'unanswerable', 'hewlett packard', 'unanswerable', 'unanswerable', 'dell', 'unanswerable', 'unanswerable']",unanswerable,laptop,fusion wins
VizWiz_val_00000860.jpg,What kind of coffee is this?,"['tassimo', 'tassimo gevalia mocha', 'tassimo', 'tassimo gevalia mocha', 'gevalia', 'tassimo', 'gevalia mocha', 'tassimo', 'tassimo', 'gevalia mocha']",gevalia,french vanilla,fusion wins
VizWiz_val_00000867.jpg,What is this product?,"['dell', 'dell laptop', 'laptop computer monitor', 'dell laptop', 'laptop', 'computer', 'laptop computer', 'desktop laptop', 'lap top', 'dell laptop']",unanswerable,computer,skill wins
VizWiz_val_00000874.jpg,What do you see on the screen?,"['pop up message', 'message window', 'dialog box', 'prompt screen', 'unanswerable', 'unanswerable', 'text box', 'unanswerable', 'box', 'unanswerable']",computer screen,unanswerable,skill wins
VizWiz_val_00000875.jpg,What is this?,"['printer pop up on top survey something', 'monitor', 'computer', 'prompt screen', 'computer screen', 'screen', 'monitor', 'computer screen', 'computer', 'monitor']",computer monitor,computer screen,skill wins
VizWiz_val_00000901.jpg,Did I win?,"['no', 'yes', 'no', 'unanswerable', 'no', 'unanswerable', 'no', 'no', 'no', 'no']",unanswerable,yes,fusion wins
VizWiz_val_00000902.jpg,"Yes, I would just like a description of the visual image which is a Google Street View of a given location.","['unanswerable', 'unsure', 'park', 'wooded area', 'park', 'unanswerable', 'unanswerable', 'unanswerable', 'yard trees', 'small hill steps to left single tree to right woodbine in rear']",unanswerable,no,fusion wins
VizWiz_val_00000904.jpg,What does the caption say?,"['unanswerable', 'security challange', 'too blurry', 'unanswerable', 'unanswerable', 'unanswerable', 'paypal', 'paypal', 'paypal', 'listen to recording characters']",unanswerable,computer screen,fusion wins
VizWiz_val_00000908.jpg,Can you tell me what the thing in the box says?,"['delightful grandchildren', 'something about delightful grandchildren', 'delightful', 'nothing more delightful than grandchildren', 'few things more delightful than grandchildren fighting over your lap', 'delightful grandchildren', 'delightful grandchildren', 'few things more delightful than grandchildren fighting over your lap', 'unanswerable', 'delightful grandchildren']",no,unanswerable,skill wins
VizWiz_val_00000941.jpg,What's on this computer screen?,"['google', 'unanswerable', 'desktop images', 'google accounts', 'google accounts', 'google', 'google', 'google', 'google accounts', 'google']",unanswerable,laptop,fusion wins
VizWiz_val_00000944.jpg,Do I have icons on my desktop on the screen?,"['yes', 'yes', 'yes', 'yes', 'yes', 'yes', 'yes', 'yes', 'yes', 'yes']",yes,windows,fusion wins
VizWiz_val_00000957.jpg,"If you can see my computer screen, what does it look like and what does it say?","['black screen', 'black startup disk check screen writing not intelligible', 'unreadable', 'unanswerable', 'unanswerable', 'unanswerable', 'unanswerable', 'reboot screen', 'unanswerable', 'start up']",nothing,unanswerable,skill wins
VizWiz_val_00000959.jpg,I'm trying to figure out if you could tell me what button to push.,"['unanswerable', 'lower right more on demand button maybe exit button', 'c button', 'unanswerable', 'more on demand button', 'red c', 'unanswerable', 'unanswerable', 'c', 'push c']",unanswerable,tv,fusion wins
VizWiz_val_00000968.jpg,What is this? ,"['unanswerable', 'dresser closet', 'monitor', 'laptop dressers', 'computer screen', 'monitor', 'computer screen', 'unanswerable', 'computer screen', 'unanswerable']",unanswerable,laptop,fusion wins
VizWiz_val_00000977.jpg,what's this ,"['computer screen', 'computer screen', 'computer screen', 'laptop', 'computer screen showing search results', 'screen', 'computer screen', 'computer screen', 'monitor screen', 'computer screen']",unanswerable,computer screen,skill wins
VizWiz_val_00000981.jpg,What is this?  ,"['google search', 'google search engine tab', 'google search page', 'google', 'google', 'computer', 'google homepage', 'google page', 'computer screen', 'computer screen']",computer screen,laptop,fusion wins
VizWiz_val_00000992.jpg,"What is written on that computer screen, please?","['install mac os x progress bar 1 3 full', 'install mac os x', 'install mac os x', 'install mac os x', 'install mac os x', 'install mac os x', 'install mac os x', 'install mac os x', 'install mac os x', 'install mac os x']",install mac os x,unanswerable,fusion wins
VizWiz_val_00000995.jpg,What is this?,"['post office box drop', 'mail dropbox', 'mail drop box', 'blue mailbox', 'mailbox', 'post office mailbox', 'mailbox', 'mailbox', 'mailbox', 'mailbox']",unanswerable,mailbox,skill wins
VizWiz_val_00001004.jpg,What is this,"['pillow', 'unanswerable', 'card', 'image cutoff cannot read', 'unanswerable', 'unanswerable', 'card', 'letter', 'envelope', 'clothing']",unanswerable,shirt,fusion wins
VizWiz_val_00001007.jpg,What's on the screen?,"['windows installation screen', 'unanswerable', 'installing windows', 'installing windows status screen', 'windows install', 'installing windows', 'instructions for installing windows', 'progress installing windows', 'installing windows info', 'windows']",installing windows,microsoft corporation,fusion wins
VizWiz_val_00001018.jpg,What is this?,"['office', 'unanswerable', 'tool', 'stand', 'unanswerable', 'wooden rack', 't rulers', 'file cabinet wooden contraption', 'frame', 'unanswerable']",chair,tool,skill wins
VizWiz_val_00001039.jpg,What is this?,"['2 water bottles', 'bottle water', '2 water bottles on desk in front computer', 'water', '2 water bottles', 'water', 'waterbottle', 'bottles drinking water', 'water bottles', 'water bottle']",water bottle,water,skill wins
VizWiz_val_00001100.jpg,What's the password in this image?,"['unanswerable', 'unanswerable', 'unanswerable', 'unanswerable', 'unanswerable', 'unanswerable', 'unanswerable', 'unanswerable', 'unanswerable', 'unanswerable']",unanswerable,at&t,fusion wins
VizWiz_val_00001109.jpg,What does my screen say please.,"['blank blue screen 4 icons on bottom right', 'nothing', 'nothing', 'nothing', 'blue blank screen', 'blank', 'nothing', 'nothing just blue', 'blank', 'blank']",nothing,unanswerable,fusion wins
VizWiz_val_00001121.jpg,Is there blood in my stool?,"['yes', 'yes', 'yes', 'unanswerable', 'yes', 'yes', 'unanswerable', 'yes', 'yes', 'yes']",no,unanswerable,skill wins
VizWiz_val_00001139.jpg,What is this?,"['browser window on computer', 'website on laptop', 'monitor', 'top laptop built in camera', 'unanswerable', 'website', 'computer', 'computer window opened up to news website', 'webcam', 'unanswerable']",unanswerable,computer screen,fusion wins
VizWiz_val_00001140.jpg,Describe all the picture in this link.,"['unanswerable', 'tablet on desk facebook open', 'unanswerable', 'facebook', 'unanswerable', 'unanswerable', 'unanswerable', 'unanswerable', 'unanswerable', 'unanswerable']",unanswerable,laptop,fusion wins
VizWiz_val_00001182.jpg,What is in this bag? ,"['potato chips', 'sweet potato', 'sweet potato', 'sweet potato chips', 'sweet potatoes', 'sweet potato chips', 'sweet potato chips', 'sweet potato chips', 'food', 'sweet potato']",vegetables,potato chips,skill wins
VizWiz_val_00001194.jpg,what is in this box?,"['frozen dinner', 'unanswerable', 'salad', 'unanswerable', 'vegetables', 'unanswerable', 'picture salad says cuisine', 'food', 'frozen meal', 'lean cuisine']",unanswerable,food,fusion wins
VizWiz_val_00001195.jpg,What is this can?,"['pepsi can', 'pepsi', 'pepsi can', 'pepsi water', 'pepsi', 'soda', 'pepsi', 'pepsi', 'pepsi', 'pepsi']",pepsi,soda,fusion wins
VizWiz_val_00001207.jpg,What is this?,"['flashlight', 'flashlight', 'flashlight', 'flash light', '1 watt led aluminum flashlight', 'flashlight', 'flashlight', 'flash light', 'flashlight', 'flashlight']",router,flashlight,skill wins
VizWiz_val_00001210.jpg,What is this?,"['yogurt', 'unanswerable', 'yogurt', 'yogurt', 'yogurt', 'yogurt', 'yogurt', 'yogurt', 'yogurt', 'yogurt']",unanswerable,soup,fusion wins
VizWiz_val_00001213.jpg,What is this?,"['notebook', 'planner', 'book', 'book', 'card', 'notebook', 'planner', 'notebook', 'lilly pulitzer agenda spiral', 'notebook']",notebook,book,fusion wins
VizWiz_val_00001237.jpg,What kind of fish is this?,"['unanswerable', 'angel fish', 'unanswerable', 'tang', 'angelfish', 'angel fish', 'sdfsdv', 'clown', 'clay fish', 'exotic fish']",unanswerable,catfish,fusion wins
VizWiz_val_00001239.jpg,What is currently being displayed on my screen?,"['blue', 'blue screen', 'delete partition f3', 'delete partition f3', 'delete partition f3', 'unanswerable', 'blue screen', 'delete partition f3', 'delete partition f3', 'yes displayed on my screen']",nothing,unanswerable,skill wins
VizWiz_val_00001257.jpg,What is this color?,"['red', 'red', 'orange', 'red', 'red', 'peach', 'red', 'pink', 'red', 'red']",purple,pink,skill wins
VizWiz_val_00001270.jpg,What color is it?,"['white', 'white', 'silver', 'silver', 'silver white buttons', 'dark grey', 'white', 'grey', 'silver', 'silver']",black,white,skill wins
VizWiz_val_00001271.jpg,what is this?,"['plug adapter', 'battery', 'flashlight', 'battery', 'unanswerable', 'headphone jack', 'handle', 'unanswerable', 'plug', 'unanswerable']",unanswerable,pen,fusion wins
VizWiz_val_00001275.jpg,"What is in this can please? Thank you, so long.","['baked beans', 'baked beans', 'baked beans', 'baked beans', 'baked beans', 'baked beans', 'baked beans', 'baked beans', 'baked beans', 'baked beans']",unanswerable,baked beans,skill wins
VizWiz_val_00001306.jpg,What color is this?,"['grey', 'grey', 'black', 'grey', 'white grey', 'grey', 'grey', 'white', 'grey', 'black']",black,grey,skill wins
VizWiz_val_00001322.jpg,"Screen, thank you.","['machine', 'unanswerable', 'unanswerable', 'unanswerable', 'nothing on screen', 'unanswerable', 'set', 'unanswerable', 'scale', 'unanswerable']",thermother,unanswerable,skill wins
VizWiz_val_00001336.jpg,Do you like coffee?,"['yes', 'coffee cup on table', 'yes', 'swfdwgrf', 'yes', 'unanswerable', 'yes', 'yes', 'yes', 'no']",yes,no,fusion wins
VizWiz_val_00001357.jpg,What is this title?,"['word', 'word', 'word', 'word', 'word', 'word', 'unanswerable', 'word', 'word', 'word']",precious memories,unanswerable,skill wins
VizWiz_val_00001366.jpg,What is the frequency in the display?,"['unanswerable', '061', 'unanswerable', 'digital', '06', '90', '90', '90', 'unanswerable', '98']",73,unanswerable,skill wins
VizWiz_val_00001397.jpg,What is this object?,"['tv remote', 'remote control', 'remote', 'tv remote', 'remote', 'tv remote', 'tv remote', 'remote control', 'remote control', 'remote control']",remote control,remote,fusion wins
VizWiz_val_00001416.jpg,Describe this item.,"['shampoo', 'bath shower gel', 'bath shower gel', 'bottle shower gel', 'mango papaya balance bath shower', 'mango papaya balance bath shower gel', 'body wash', 'mango papaya balance bath shower', 'mango papaya shower gel', 'mango pineapple bath shower gel']",shower gel,shampoo,skill wins
VizWiz_val_00001423.jpg,What kind of brand is this remote control? ,"['unanswerable', 'lg', 'lg', 'lg', 'lg', 'lg', 'lg', 'lg', 'lg', 'lg']",unanswerable,remote,fusion wins
VizWiz_val_00001434.jpg,Can you see the model of this tablet device?,"['cyberpad', 'cyberpad', 'no', 'cyberpad 4th generation', 'cyber pad', 'cyberpad', 'no', 'yes', 'cyberpad', '4.3 tablet pc']",unanswerable,no,skill wins
VizWiz_val_00001468.jpg,What is this shirt look like,"['yellow logo on black', 'yellow purple green letters', 'hard glo cafe logo', 'yellow purple cafe', 'unanswerable', 'hard glow cafe', 'unanswerable', 'black yellow purple green wording', 'black yellow', 'logo']",t shirt,logo,skill wins
VizWiz_val_00001473.jpg,what is in this picture?,"['unanswerable', 'unanswerable', 'medicine', 'refrigerator', 'fridge', 'unanswerable', 'mess', 'charm bracelet', 'unanswerable', 'refrigerator']",unanswerable,refrigerator,fusion wins
VizWiz_val_00001487.jpg,What does the coffee cup say?,"['gt', 'gt', 'gt', 'mug', 'gt', 'gt', 'gt', 'gt', 'gt', 'ct']",yellow,mug,skill wins
VizWiz_val_00001494.jpg,What is this?,"['house', 'house', 'house', 'house', 'house at night', 'house', 'house', 'house', 'house', 'house']",bed,house,skill wins
VizWiz_val_00001498.jpg,What is this?,"['blackberry cell phone', 'blackberry', 'phone', 'phone', 'cell phone', 'cellphone', 'blackberry cell phone', 'cell phone', 'cell phone', 'blackberry cell phone']",cell phone,phone,fusion wins
VizWiz_val_00001499.jpg,What's in this can?,"['unanswerable', 'unanswerable', 'beans', 'soup', 'unanswerable', 'beans', 'unanswerable', 'unanswerable', 'soda', 'unanswerable']",unanswerable,soup,fusion wins
VizWiz_val_00001501.jpg,Can you see what it says on the screen?,"['unanswerable', 'unanswerable', 'no', 'phone receiving', 'yes', 'no', 'unanswerable', 'hang up', 'yes', 'phone receiver off hook']",unanswerable,no,fusion wins
VizWiz_val_00001514.jpg,Mild or hot sauce?,"['hot', 'hot', 'hot', 'jamaican jerk seasoning', 'jerk seasoning', 'unknown', 'unanswerable', 'jerk seasoning', 'unanswerable', 'jerk seasoning spiciness level not shown']",right,unanswerable,skill wins
VizWiz_val_00001516.jpg,What kind of soda is this?,"['stars stripes lemon lime', 'lemon lime', 'stars stripes lemon lime', 'lemon lime', 'loopy lime', 'lemon lime', 'stars stripes', 'lime', 'sprite', 'green']",root beer,sprite,skill wins
VizWiz_val_00001523.jpg,What's this?,"['cellphone', 'phone', 'cell phone', 'apple iphone', 'phone', 'phone', 'phone', 'phone', 'smart phone', 'mobile phone']",iphone,phone,skill wins
VizWiz_val_00001532.jpg,Who is the fifth president and who is on the six dollar bill?,"['abraham lincoln', 'abraham lincoln', 'lincoln', 'unanswerable', 'lincoln 0', 'unanswerable', 'james monroe no 6 dollar bill', 'unanswerable', 'james monroe no 6 dollar bill', 'abe lincoln']",5,unanswerable,skill wins
VizWiz_val_00001547.jpg,What is this picture about?,"['2 animals hugging each other in front pink heart very blurry', 'loves', 'cat dog hugging', 'hug', 'love', 'unanswerable', 'valentines', 'hugging', 'dogs', 'cartoon dog cat hugging in front pink heart']",unanswerable,dog,fusion wins
VizWiz_val_00001548.jpg,What is this?,"['wooden letters spelling star', 'word star', 'unanswerable', 'wall decorations', 'star', 'letters', 'letters that say star framed picture framed mirror', 'wall word star', 'picture frames on wall', 'home decor']",unanswerable,couch,fusion wins
VizWiz_val_00001553.jpg,Can you tell me what kind of chips these are?,"['cheese chips', 'cheetos', 'unanswerable', 'cheetos', 'cheetos', 'cheetos', 'cheetos', 'crunchy cheetos i cant tell if theyre hot original because photo too close', 'cheetos', 'cheetos']",unanswerable,cheetos,skill wins
VizWiz_val_00001556.jpg,What color is this shirt?,"['tan', 'brown', 'tan', 'beige', 'beige', 'pinkish', 'brown', 'tan', 'gold', 'grey color']",grey,brown,skill wins
VizWiz_val_00001558.jpg,What color is my cap?,"['tan black', 'tabby', 'brown', 'unanswerable', 'brown', 'black tan mottled brown', 'tan grey', 'brown', 'tiger orange', 'black white tan']",white,brown,skill wins
VizWiz_val_00001573.jpg,What is this?,"['coffee mug straw', 'superbowl 28 coffee cup blue straw', 'mug', 'cup milk', 'coffe cup pen in', 'coffee cup coffee spoon in', 'cup', 'coffee cup', 'coffee cup', 'cup milk']",coffee cup,mug,fusion wins
VizWiz_val_00001577.jpg,What's this? What's in the vegetables?,"['spaghettios', 'spaghetti os', 'spaghetti os', 'spaghetti os', 'can alphabet spaghettios', 'spaghetti os tomato sauce', 'unanswerable', 'spaghetti os', 'spaghettios', 'spagetti']",unanswerable,spaghetti meatballs,fusion wins
VizWiz_val_00001586.jpg,Which packet contains plain flower?,"['yes', 'red white 1', 'red 1', '1 on left', 'left taller', '1 on left', 'left', 'unanswerable', 'red white 1', 'red white']",white,left,skill wins
VizWiz_val_00001604.jpg,What color is this? ,"['brown', 'brown', 'brown', 'oak brown', 'brown', 'brown maple', 'wooden', 'brown', 'brown', 'brown']",white,brown,skill wins
VizWiz_val_00001605.jpg,What kind of chips are these?,"['potato chips', 'unanswerable', 'unanswerable', 'potato', 'fritos', 'unanswerable', 'doritos', 'unanswerable', 'unanswerable', 'doritos']",unanswerable,salt vinegar,fusion wins
VizWiz_val_00001608.jpg,What is it?,"['cork', 'unanswerable', 'individual coffee creamer', 'unanswerable', 'unstable image', 'canister', 'k cup', 'creamer', 'unanswerable', 'coin']",unanswerable,coffee,fusion wins
VizWiz_val_00001638.jpg,What is this can?,"['unanswerable', 'tomatoes', 'unanswerable', 'tomatoes', 'rotel', 'tomatoes', 'tomatoes', 'tomatoes', 'mixed vegetables', 'tomatoes']",unanswerable,corn,fusion wins
VizWiz_val_00001646.jpg,"Could you please tell me what this is please, thank you?","['instant coffee', 'instant coffee', 'classic coffee', 'coffee packet', 'unanswerable', 'coffee', 'coffee', 'powdered coffee', 'coffee', 'nescafe classic']",coffee,unanswerable,fusion wins
VizWiz_val_00001647.jpg,What is that?,"['couch', 'couch', 'blue couch cushions pillows', 'couch', 'couch', 'blue couch', 'blue couch', 'couch', 'couch', 'blue couch']",chair,couch,skill wins
VizWiz_val_00001662.jpg,What is that?,"['unanswerable', 'phone app', 'unanswerable', 'meme', 'computer game', 'gifs', 'unanswerable', 'screen', 'unanswerable', 'book bag']",unanswerable,tablet,fusion wins
VizWiz_val_00001665.jpg,What color is this shirt?,"['unanswerable', 'unanswerable', 'brown', 'orange', 'unanswerable', 'orange', 'red', 'unanswerable', 'unanswerable', 'rose']",white,brown,skill wins
VizWiz_val_00001671.jpg,What is on this page of the Avon book?,"['varied moisture therapy brand products', 'unanswerable', 'advertisement for moisture therapy', 'unanswerable', 'unanswerable', 'moisture therapy lotions creams chapstick', 'unanswerable', 'moisture therapy', 'moisture therapy products', 'moisture therapy line']",foot works,unanswerable,skill wins
VizWiz_val_00001673.jpg,What is this?,"['cell phone', 'cellphone', 'pager', 'unanswerable', 'phone', 'cell phone', 'blackberry cell phone', 'cell phone', 'cell phone', 'cell phone']",cell phone,phone,fusion wins
VizWiz_val_00001674.jpg,I believe this is silver oak.  What year is it?,"['2000', '2000', '2000', '2000', '2000', '2000', '2000', '2000', '2000', '2000']",2000,unanswerable,fusion wins
VizWiz_val_00001687.jpg,What kind of Dr. Pepper is this?,"['unanswerable', 'canned', 'regular', 'regular', 'unanswerable', 'regular', 'unanswerable', 'soda', 'unanswerable', 'unanswerable']",unanswerable,dr pepper,fusion wins
VizWiz_val_00001689.jpg,What is this?,"['this slide', 'pink', 'unanswerable', 'purple', 'unanswerable', 'unanswerable', 'glow', 'unanswerable', 'unanswerable', 'unanswerable']",unanswerable,pink,fusion wins
VizWiz_val_00001693.jpg,What is this?,"['unanswerable', 'cholesterol supplements', 'heart vitamin', 'cholesterol medication', 'supplement', 'cholesterol tablets', 'cholesterol medicine', 'cholesterol medication', 'unanswerable', 'cholesterol medicine']",medicine,unanswerable,skill wins
VizWiz_val_00001703.jpg,What's this?,"['unanswerable', 'bed', 'bed', 'bed', 'bed', 'bed', 'bed', 'bed', 'bed', 'bed']",unanswerable,door,fusion wins
VizWiz_val_00001704.jpg,What kind of cookies are these?,"['halloween', 'insufficient image', 'pumpkin', 'haloween', 'halloween', 'halloween', 'lofthouse', 'halloween sugar', 'halloween', 'cookies']",cookies,unanswerable,fusion wins
VizWiz_val_00001710.jpg,what is this?,"['bag', 'unanswerable', 'yellow plastic bag', 'plastic shopping bag', 'bag', 'unanswerable', 'yellow bag blue bag', 'plastic bag', 'yellow plastic bag', 'plastic bag']",unanswerable,remote,fusion wins
VizWiz_val_00001711.jpg,What is in this bottle?,"['cinnamon', 'ground cinnamon', 'cinnamon', 'ground cinnamon', 'cinnamon', 'ground cinnamon', 'ground cinnamon', 'cinnamon', 'cinnamon', 'ground cinnamon']",unanswerable,cinnamon,skill wins
VizWiz_val_00001725.jpg,What color is this hair?,"['auburn', 'brown', 'brown', 'brown', 'light brown', 'red', 'brown', 'light brown', 'reddish brown', 'brown']",purple,brown,skill wins
VizWiz_val_00001736.jpg,"I know this is suntan lotion, but I was wondering which factor it is, if you can see, please.","['sonnen spray', 'unanswerable', '20', 'spf 20', 'i can see 20 on bottle', '20 spf', '20', '20', 'spf 20', 'unanswerable']",yes,unanswerable,skill wins
VizWiz_val_00001740.jpg,What is in this bottle?,"['kyolic', 'garlic extract', 'supplements', 'unanswerable', 'kyolic circulation', 'kyolic medication', 'kyolic', 'kyolic', 'kyolic', 'kyolic']",pill bottle,unanswerable,skill wins
VizWiz_val_00001751.jpg,What is this image?,"['dartboard', 'dart board', 'dart board', 'dartboard', 'dartboard', 'dart board', 'darts board', 'bulls eye', 'dart board', 'dart board']",dart board,calculator,fusion wins
VizWiz_val_00001761.jpg,What is this?,"['calculator', 'part microwave', 'microwave', 'control panel', 'microwave', 'microwave', 'microwave', 'microwave panel', 'microwave', 'microwave']",unanswerable,microwave,skill wins
VizWiz_val_00001776.jpg,What is this?,"['unanswerable', 'hand', 'hand', 'hand', 'wqdfe', 'hand', 'hand', 'hand', 'hand', 'unanswerable']",unanswerable,hand,skill wins
VizWiz_val_00001780.jpg,Is this peppermint tea?,"['unanswerable', 'unanswerable', 'unanswerable', 'unanswerable', 'unsure', 'unanswerable', 'yes', 'no', 'no', 'unanswerable']",unanswerable,no,fusion wins
VizWiz_val_00001781.jpg,What's in this can?,"['unanswerable', 'unanswerable', 'unanswerable', 'unanswerable', 'unanswerable', 'soda', 'diet coke', 'unanswerable', 'unanswerable', 'soda']",unanswerable,soda,fusion wins
VizWiz_val_00001811.jpg,What's this?,"['unanswerable', 'unanswerable', 'unanswerable', 'unanswerable', 'unanswerable', 'unanswerable', 'unanswerable', 'unanswerable', 'flash', 'unanswerable']",unanswerable,sun,fusion wins
VizWiz_val_00001822.jpg,How could you tell?,"['unanswerable', 'unanswerable', 'unanswerable', 'unanswerable', 'unanswerable', 'unanswerable', 'unanswerable', 'unanswerable', 'unanswerable', 'unanswerable']",unanswerable,yes,fusion wins
VizWiz_val_00001830.jpg,Does this oven seem ready?,"['unanswerable', 'unanswerable', 'unanswerable', 'unanswerable', 'not oven', 'unanswerable', 'unanswerable', 'yes i think ready', 'no', 'unanswerable']",unanswerable,yes,fusion wins
VizWiz_val_00001839.jpg,"Morning, I have an outfit on here. Unfortunately my color probe isn't working. I want you to tell me what the color of my cords, shirt and top are to make sure they match. Thank you.","['green pants black sweater white brown checked shirt', 'army green pants black sweater', 'black top green pants cords unknown', 'green yellow black', 'unanswerable', 'green cords yellow shirt black top', 'shirt black pants green', 'unanswerable', 'green black top looks fine', 'green black']",white,unanswerable,skill wins
VizWiz_val_00001867.jpg,What is in this bottle?,"['alfalfa', 'alfalfa', 'alfalfa', 'alfalfa', 'alfalfa', 'unanswerable', 'alfalfa', 'alfalfa', 'alfalfa', 'alfalfa']",unanswerable,vitamins,fusion wins
VizWiz_val_00001873.jpg,What color is this?,"['grey', 'grey', 'grey', 'grey', 'grey', 'grey', 'grey', 'grey', 'grey', 'grey']",white,grey,skill wins
VizWiz_val_00001880.jpg,What is this?,"['can', 'pepper steak stew', 'unanswerable', 'pepper steak', 'unanswerable', 'unanswerable', 'pepper steak', 'tomato sauce', 'food', 'unanswerable']",chicken broth,food,skill wins
VizWiz_val_00001881.jpg,What is the color of this fabric?,"['blue white', 'white teal', 'white turquoise', 'blu white', 'blue white', 'grey black purple teal', 'blue white', 'white teal', 'teal', 'white black skyblue grey violet']",blue white,blue,fusion wins
VizWiz_val_00001887.jpg,Fuck this,"['unanswerable', 'nope', 'unanswerable', 'unanswerable', 'unanswerable', 'unanswerable', 'unanswerable', 'phone', 'unanswerable', 'unanswerable']",unanswerable,phone,fusion wins
VizWiz_val_00001906.jpg,What is this document? ,"['unanswerable', 'medicare card', 'cms', 'medicare id card', 'fsd', 'unanswerable', 'unanswerable', 'medicare information about card', 'cms info card', 'medical card']",unanswerable,card,fusion wins
VizWiz_val_00001908.jpg,"trying to find out what this item is please, thanks","['chicken fried rice no msg', 'chicken fried rice', 'chicken fried rice', 'chicken fried rice', 'chicken fried rice', 'vegetable rice', 'frozen dinner', 'chicken fried rice', 'tai pei brand frozen chicken fried rice', 'rice bowl']",frozen dinner,unanswerable,fusion wins
VizWiz_val_00001913.jpg,What is this frozen dinner and what is the instructions for conventional oven temperature and number of minutes? Thank you very much.,"['channa', 'unanswerable', 'unanswerable', 'channa heat on high for 4 to 4.5 minutes', 'unanswerable', 'unanswerable', 'channa', 'unanswerable', 'unanswerable', 'unanswerable']",channa masala,unanswerable,skill wins
VizWiz_val_00001915.jpg,What kind of meds are these?,"['unanswerable', 'alaltoids', 'alaltoids', 'alaltoids', 'alaltoids mints', 'alaltoids strong breath mints wintergreen flavor', 'unanswerable', 'unanswerable', 'altoids', 'breth mints']",altoids,mints,fusion wins
VizWiz_val_00001917.jpg,What is in this cereal box?,"['fruit yogurt brand', 'special k cereal', 'fruit yogurt', 'special k fruit yogurt', 'special k fruit yogurt cereal', 'cereal', 'special k fruit yogurt', 'cereal', 'cereal box', 'special k']",cereal,special k,fusion wins
VizWiz_val_00001924.jpg,Where is the menu button?,"['directly under large volume button on left side', 'in middle remote buttons in circle menu button top left these buttons', 'top left on circle', 'outer circle in middle top left', 'outer upper left circle', 'top left circle', 'up to left arrow buttons', 'unanswerable', 'left middle', 'top']",unanswerable,remote,fusion wins
VizWiz_val_00001933.jpg,What color is this please?,"['brown', 'brown', 'tan', 'grey', 'brown', 'unanswerable', 'white', 'grey', 'brown', 'unanswerable']",white,brown,skill wins
VizWiz_val_00001935.jpg,What is this item?,"['plaque', 'bust robert e lee', 'unanswerable', 'statue', 'general lee statuette', 'bookend', 'unanswerable', 'statue', 'confederate memorabilia', 'statue']",book,unanswerable,skill wins
VizWiz_val_00001936.jpg,What type of candy is this?,"['balls sanded', 'unanswerable', 'cherry balls', 'balls sanded', 'sweet', 'balls sanded', 'hard candy', 'balls sanded', 'balls sanded', 'nuts']",orange,unanswerable,skill wins
VizWiz_val_00001940.jpg,What is it?,"['ball', 'decoration', 'straw object dart', 'ball hay', 'rattan ball', 'rubber bands', 'ball', 'unanswerable', 'decorative ball', 'decor spheres']",ball,cord,fusion wins
VizWiz_val_00001979.jpg,What is this?,"['unanswerable', 'upside down computer screen', 'swim cap', 'unanswerable', 'unanswerable', 'magazine', 'advertisement', 'german swimming ad', 'unanswerable', 'unanswerable']",unanswerable,newspaper,fusion wins
VizWiz_val_00001984.jpg,What kind of can is this?,"['beer', 'beer', 'beer', 'aluminum', 'beer', 'stone ice', 'beer', '24 oz keystone ice', 'keystone ice 24 fl oz', 'beer can']",beer,soda,fusion wins
VizWiz_val_00001991.jpg,What is this?,"['can cheese balls', 'snack', 'cheeseballs', 'cheese balls', 'cheese balls', 'cheese balls', 'cheese balls', 'cheese balls', 'cheese balls', 'utz cheese balls']",cheez,cheese balls,skill wins
VizWiz_val_00001992.jpg,What is this?,"['unanswerable', 'unanswerable', 'unanswerable', 'unanswerable', 'unanswerable', 'unanswerable', 'unanswerable', 'computer screen', 'unanswerable', 'unanswerable']",unanswerable,laptop,fusion wins
VizWiz_val_00001995.jpg,What is on this card?,"['flowers hearts', 'red heart', 'wife valentines day', 'unanswerable', 'heart', 'image cut off red heart something about valentines day', 'heart', 'valentines day', 'heart', 'valentines heart']",yes,unanswerable,skill wins
VizWiz_val_00001996.jpg,What is the flavor of this?,"['orange', 'orange green yellow red', 'orange mint', 'orange', 'unanswerable', 'unanswerable', 'orange', '2 on left orange cherry lemon on top bottom right wintergreen', 'orange', 'orange']",orange,candy,fusion wins
VizWiz_val_00002004.jpg,What is this?,"['squash', 'gourd', 'gourd', 'pumpkin', 'pumpkin', 'pumpkin', 'pumpkin', 'pumpkin', 'pumpkin', 'pumpkin']",toy,squash,skill wins
VizWiz_val_00002021.jpg,What color is this?,"['white', 'white', 'white', 'white', 'white', 'white', 'white', 'white', 'white', 'white']",white,brown,fusion wins
VizWiz_val_00002024.jpg,What does the sky look like?,"['clear', 'light blue white clouds', 'grey', 'grey', 'blue white', 'blue white fluffy clouds', 'really white', 'clear blue', 'clear few clouds', 'sky looks white']",cloudy,clear,skill wins
VizWiz_val_00002027.jpg,Do you know what time it is?,"['no', 'no', 'i do no', 'no', 'unanswerable', 'unanswerable', 'unanswerable', 'unanswerable', 'unanswerable', 'no']",unanswerable,yes,fusion wins
VizWiz_val_00002033.jpg,What kind of CD case is this?,"['clear', 'blank', 'unanswerable', 'unanswerable', 'unanswerable', 'clear 1 disc jewel case', 'unanswerable', 'single', 'purple clear', 'pink']",clear,unanswerable,skill wins
VizWiz_val_00002048.jpg,What's on this shirt? ,"['graphic', 'beer logo', 'miller lite logo', 'picture', 'unanswerable', 'unanswerable', 'bud lite logo', 'logo', 'beer logo', 'lite']",orange,unanswerable,skill wins
VizWiz_val_00002056.jpg,Can you tell me the order of the buttons on this remote control?,"['black blue', 'ewfwef', 'unanswerable', 'unanswerable', 'unanswerable', 'unanswerable', 'unanswerable', 'unanswerable', 'unanswerable', 'unanswerable']",unanswerable,no,fusion wins
VizWiz_val_00002058.jpg,Is this yogurt fat free? ,"['no', 'yes', 'no', 'no', 'nonfat', 'greek plain nonfat yogurt', 'yes', 'yes', 'no', 'yes']",unanswerable,yes,skill wins
VizWiz_val_00002060.jpg,What color is this t-shirt?,"['grey', 'light blue silver', 'grey blue', 'grey', 'blue', 'blue grey', 'white', 'grey', 'grey', 'grey']",black,grey,skill wins
VizWiz_val_00002065.jpg,What is this called? ,"['rock', 'rock', 'unanswerable', 'unanswerable', 'unanswerable', 'trash', 'mushrooms', 'unanswerable', 'unanswerable', 'unanswerable']",cookies,unanswerable,skill wins
VizWiz_val_00002068.jpg,Can you tell me what the buttons or anything says on this screen?,"['lock filter', 'unanswerable', 'lock filter', 'cubed lock filter change filter', 'buttons say lock filter', 'red button', 'cubed', 'unanswerable', 'lock filter', 'unanswerable']",unanswerable,no,fusion wins
VizWiz_val_00002075.jpg,For how long do I cook this in the microwave?,"['lets check back', 'unanswerable', 'unanswerable', 'unanswerable', 'unanswerable', 'unanswerable', '3 minutes', 'unanswerable', 'unanswerable', 'unanswerable']",8 minutes,unanswerable,skill wins
VizWiz_val_00002102.jpg,Can you tell me what these are called?,"['ervgrg', 'unanswerable', 'cotton', 'unanswerable', 'unanswerable', 'socks', 'towels', 'unanswerable', 'towels', 'socks']",bag,unanswerable,skill wins
VizWiz_val_00002109.jpg,What is this?,"['ipad', 'tablet', 'computer', 'ipad', 'mouse pad', 'laptop', 'window', 'tablet', 'unanswerable', 'ipad']",keyboard,tablet,skill wins
VizWiz_val_00002118.jpg,Can you tell what soda this is?,"['bolo', 'dr pepper 10', 'dr pepper 10', 'dr pepper 10', 'dr pepper', 'dr pepper 10', 'dr pepper', 'dr pepper', 'dr pepper 10', 'yes']",dr pepper,coke,fusion wins
VizWiz_val_00002121.jpg,What is this?,"['plaid', 'shirt', 'unanswerable', 'red plaid', 'pink red plaid shirt', 'pink plaid', 'unanswerable', 'unanswerable', 'pink red flannel blanket', 'pink plaid blanket']",unanswerable,blanket,fusion wins
VizWiz_val_00002127.jpg,What color is this?,"['white', 'white', 'white', 'white', 'white', 'white purple tulip', 'white', 'white', 'white', 'white']",white,pink,fusion wins
VizWiz_val_00002164.jpg,What color is this ball?,"['unanswerable', 'teal', 'blue', 'blue', 'blue', 'unanswerable', 'unanswerable', 'blue', 'blue', 'blue']",unanswerable,brown,fusion wins
VizWiz_val_00002180.jpg,What color is the sheet?,"['beige', 'blue', 'tan', 'white', 'beige', 'beige', 'beige', 'beige', 'blue', 'white']",white,brown,fusion wins
VizWiz_val_00002185.jpg,what kind of soda is this?,"['orange fanta', 'orange fanta', 'sunkist', 'orange fanta', 'fanta orange', 'orange', 'fanta orange', 'orange fanta', 'fanta', 'unanswerable']",unanswerable,pepsi,fusion wins
VizWiz_val_00002203.jpg,What is this? ,"['fudge covered oreos', 'fudge oreos', 'oreo', 'cookies', 'fudge covered oreos', 'oreos', 'fudge covered oreos', 'fudge', 'fudge covered oreo', 'oreo fudge cookies']",cookies,candy,fusion wins
VizWiz_val_00002210.jpg,What color is this skirt?,"['place', 'unanswerable', 'grey', 'unanswerable', 'white', 'white', 'grey', 'white', 'white', 'black']",black,grey,skill wins
VizWiz_val_00002215.jpg,"Can you tell me what's in this can, please? Thank you.","['this can chicken quesadillas', 'unanswerable', 'unanswerable', 'unanswerable', 'no', 'soup', 'soup', 'campbells condensed cheddar cheese soup', 'unanswerable', 'unanswerable']",unanswerable,soup,fusion wins
VizWiz_val_00002221.jpg,What is the title of this book?,"['fine fine school', 'fine fine school', 'fine fine school', 'fine fine school', 'fine fine school', 'fine fine school', 'fine fine school', 'fine fine school', 'fine fine school', 'fine fine school']",fine fine school,unanswerable,fusion wins
VizWiz_val_00002223.jpg,"What is this, please?","['sauerkraut', 'kapusta kwaszona', 'kapusta kwaszona', 'kapusta', 'sauerkraut', 'kapusta kwaszona', 'sauerkraut', 'sauerkraut', 'bottle', 'sauerkraut']",sauerkraut,food,fusion wins
VizWiz_val_00002228.jpg,What does these look like?,"['blue shorts', 'black sweat shorts', 'shorts', 'black shorts', 'black', 'short', 'black shorts', 'acacd', 'shorts', 'shorts']",black,yes,fusion wins
VizWiz_val_00002236.jpg,Please explain this shirt.,"['red picture', 'design', 'boy', 'red', 'red shirt motorcycle picture on chest', 'red white black motorcycle', 'unanswerable', 'red yellow', 'red black white motorcycle', 'unanswerable']",unanswerable,plaid,fusion wins
VizWiz_val_00002237.jpg,what color is this yarn?,"['this color blue', 'blue', 'unanswerable', 'unanswerable', 'blue', 'unanswerable', 'unanswerable', 'dark blue', 'unanswerable', 'blue']",white,unanswerable,skill wins
VizWiz_val_00002246.jpg,What is this?,"['unanswerable', 'fall preview', 'advertisement', 'unanswerable', 'fall preview new york', 'fall preview new york', 'unanswerable', 'unanswerable', 'fall preview new', 'magazine']",unanswerable,magazine,fusion wins
VizWiz_val_00002259.jpg,Is this Kraft Classic or Kraft Free Catalina?,"['unanswerable', 'unanswerable', 'catalina', 'classic', 'unanswerable', 'classic', 'unanswerable', 'catalina', 'catalina', 'catalina']",unanswerable,kraft catalina class,fusion wins
VizWiz_val_00002260.jpg,this title.,"['unanswerable', 'minnie riperton', 'minnie riperton', 'minnie riperton', 'minnie riperton', 'minnie ripperton', 'minnie riperton', 'minnie riperton', 'unanswerable', 'unanswerable']",yes,unanswerable,skill wins
VizWiz_val_00002268.jpg,What is this?,"['kitchen', 'living room', 'apartment', 'apartment', 'kitchen', 'kitchen', 'living room', 'picture kitchen', 'kitchen', 'kitchen']",unanswerable,kitchen,skill wins
VizWiz_val_00002287.jpg,What is this?,"['raspberry air freshener', 'air freshener', 'air freshener', 'raspberry', 'raspberry drink', 'air freshener', 'scent', 'raspberry renuzit aroma', 'rasberry air freshener', 'air freshener']",tea,air freshener,skill wins
VizWiz_val_00002302.jpg,What color is this?,"['grey', 'bluish grey', 'grey', 'grey', 'grey', 'black', 'blue', 'black', 'grey', 'axe']",blue,grey,skill wins
VizWiz_val_00002315.jpg,What does this box contain?,"['candy', 'chocolate bar', 'bars', 'cookie', 'chocolate', 'candy bars', 'chocolate bars', 'chocolate candy', 'chocolate', 'unanswerable']",chocolate,unanswerable,fusion wins
VizWiz_val_00002318.jpg,when does this expire?,"['23.2013', 'dec 23 2013', 'dec 13 2013', 'dec 28 2013', 'dec 29 2017', 'dec 23 2013', '12 28 13', 'december 29 2013', 'dec 29 2013', 'dec 29 2013']",dec 28 2013,unanswerable,fusion wins
VizWiz_val_00002337.jpg,What color is this Starburst? ,"['yellow', 'yellow', 'yellow', 'yellow', 'yellow', 'lemon', 'yellow', 'yellow', 'yellow', 'yellow']",yellow,orange,fusion wins
VizWiz_val_00002346.jpg,Please tell me what color shirt this is. Thank you. ,"['white', 'cream', 'white', 'white', 'beige', 'white', 'tan', 'tan', 'white', 'grey']",white,pink,fusion wins
VizWiz_val_00002350.jpg,What color is this phone case?,"['brown', 'black', 'brown', 'smoky grey', 'smoke color', 'black', 'black', 'see through black', 'grey', 'brown']",black,grey,fusion wins
VizWiz_val_00002381.jpg,How does this picture look?,"['ok', 'blurry', 'blood blister', 'like blister', 'unanswerable', 'gross', 'blurry', 'unanswerable', 'unanswerable', 'blood blister on finger']",yes,unanswerable,skill wins
VizWiz_val_00002397.jpg,What is currently displayed on the screen?,"['452940', '452940', 'wakie talkie', 'numbers', 'radio', '452940', 'walkie talkie', '452940', 'unanswerable', '452940']",radio,8,fusion wins
VizWiz_val_00002415.jpg,What's this?,"['candy', 'galaxy flutes snack', 'candy', 'galaxy flutes', 'galaxy flutes', 'candy', 'galaxy flutes', 'galaxy flutes', 'candy bar', 'flutes']",unanswerable,candy,skill wins
VizWiz_val_00002422.jpg,What is this?,"['unanswerable', 'miracle whip', 'blue bottle', 'mayonnaise', 'miracle whip', 'miracle whip', 'salad dressing', 'mayo', 'miracle whip', 'unanswerable']",unanswerable,salad dressing,fusion wins
VizWiz_val_00002424.jpg,Are you able to tell what kind this one is?,"['no', 'vanilla cream', 'vanilla', 'vanilla creme', 'warm vanilla creme', 'warm vanilla creme', 'better homes warm vanilla cream', 'warm vanilla creme', 'warm vanilla creme', 'warm vanilla creme']",unanswerable,no,skill wins
VizWiz_val_00002433.jpg,What is the color of,"['unanswerable', 'brown', 'yellow', 'brown', 'gold black', 'gold', 'brown', 'brown', 'gold', 'unanswerable']",black,brown,skill wins
VizWiz_val_00002452.jpg,What color is my dog?,"['blonde', 'tan', 'tan', 'tan', 'tan', 'light brown', 'tan', 'tan', 'brown', 'tan']",black,brown,skill wins
VizWiz_val_00002454.jpg,Is this better? Can you tell the flavor?,"['fruit punch', 'unanswerable', 'yes this flavor best', 'orange', 'orange cherry', 'no', 'fruit punch', 'no', 'wylers fruit punch drink mix', 'wylerss fruit punch']",yes,unanswerable,skill wins
VizWiz_val_00002484.jpg,What color is this shirt?,"['pink', 'muave', 'red', 'unanswerable', 'unanswerable', 'light pink', 'brown', 'brown', 'pink', 'orange white']",white,brown,skill wins
VizWiz_val_00002492.jpg,What is in this can?,"['soda', 'diet soda', 'diet soda', 'soda', 'diet squirt', 'diet soda', 'soda', 'soda', 'soda', 'soda']",unanswerable,soda,skill wins
VizWiz_val_00002523.jpg,What does it say on the display?,"['nothing', 'blank screen', '5.8ghz', 'unable to see anything on screen', 'unanswerable', 'unanswerable', 'nothing', 'blank', 'werrgrwg', 'nothing']",unanswerable,phone,fusion wins
VizWiz_val_00002527.jpg,What is this?,"['chips', 'tortilla chips', 'chips', 'chips', 'tortilla chips', 'bag tortilla chips', 'nacho chips', 'family size bag tortilla chips', 'tortilla chips', 'chips']",unanswerable,chips,skill wins
VizWiz_val_00002535.jpg,i understand that but does the back of the white truck look dented,"['unanswerable', 'no', 'image from front side i do not see anything unusual', 'no', 'unanswerable', 'unanswerable', 'n0', 'unanswerable', 'no', 'no']",white,no,skill wins
VizWiz_val_00002556.jpg,"Now can you see the order number for this necklace and bracelet, and this Avon booklet?","['yes', '558 503', '558 503', 'unanswerable', '568 503', 'no', '568 503', 'unanswerable', 'no', 'unanswerable']",yes,no,skill wins
VizWiz_val_00002558.jpg,What color are these socks?,"['black', 'black', 'black', 'black', 'black', 'black', 'black', 'black', 'black', 'black']",black,brown,fusion wins
VizWiz_val_00002566.jpg,Is this a mouse?,"['no', 'no keyboard', 'no', 'no keyboard', 'no keyboard', 'no', 'no', 'no', 'keyboard', 'no']",yes,no,skill wins
VizWiz_val_00002580.jpg,What is this?,"['cup', 'cup lid', 'cup', 'coffee cup', 'plastic cup', 'cup coffee', 'cup coffee', 'coffee', 'coffee cup', 'cup']",coffee,coffee cup,skill wins
VizWiz_val_00002584.jpg,Please can you tell me what item this is?,"['cereal', 'cheerios', 'cereal', 'cheerios', 'unanswerable', 'cereal', 'honey cheerios', 'cheerios now more delicious honey', 'honey', 'honey']",cereal,unanswerable,fusion wins
VizWiz_val_00002587.jpg,Does this stack look too big?,"['i dont see anything stacked', 'unanswerable', 'unanswerable', 'no', 'unanswerable', 'unanswerable', 'no', 'no', 'no', 'gfd']",yes,unanswerable,skill wins
VizWiz_val_00002588.jpg,What is this?,"['sun maid raisins', 'raisins', 'raisins', 'sun maid raisins', 'sun maod raisins', 'raisins', 'raisins', 'raisins', 'sun maid', 'raisins']",raisins,book,fusion wins
VizWiz_val_00002610.jpg,What color is that? Thank you.,"['grey', 'white', 'black', 'grey', 'grey', 'grey', 'grey', 'grey', 'grey', 'grey']",grey,black,fusion wins
VizWiz_val_00002619.jpg,What flavor are these?,"['unanswerable', 'unanswerable', 'unanswerable', 'unanswerable', 'regular', 'original', 'unanswerable', 'turn around', 'cheese', 'picteur']",unanswerable,original,fusion wins
VizWiz_val_00002626.jpg,What does this label say?,"['shea', 'shea moisturizing shower wash', 'shea moisturizing shower wash', 'shea moisturizing shower wash', 'shea moisturizing shower wash', 'shea shower wash', 'shea moisturizing shower wash', 'shea moisturizing shower wash', 'shea moisturizing shower wash', 'shea moisturizing shower wash']",shea moisturizing shower wash,yes,fusion wins
VizWiz_val_00002629.jpg,What is the object in this image?,"['monitor', 'tv', 'several objects', 'rug tv', 'unanswerable', 'tv', 'rug', 'carpet', 'rug', 'carpet']",camera,tv,skill wins
VizWiz_val_00002642.jpg,What is the temperature of the thermastat? ,"['78', '78', '78 degrees', '78', '78', '78', '78', '78', '78', '78']",unanswerable,78,skill wins
VizWiz_val_00002644.jpg,What is this?,"['cup from mcdonalds', 'mcdonalds drink', 'foam mcdonalds cup', 'mcdonalds cup', 'mcdonalds soda', 'mcdonalds cup', 'mcdonalds cup', 'mcdonalds drink cup', 'large foam macdonalds cup', 'mcdonalds cup']",cup,mcdonalds cup,skill wins
VizWiz_val_00002646.jpg,What is this?,"['cans', 'cat food', 'unanswerable', 'sink', 'can', 'sink', 'washing', 'sink', 'sink', 'can']",unanswerable,can,skill wins
VizWiz_val_00002653.jpg,What's this?,"['tomatoes', 'unanswerable', 'ew', 'table', 'tomato', 'tomatoes', 'table', 'kitchen table', 'table', 'table']",unanswerable,watermelon,fusion wins
VizWiz_val_00002673.jpg,What is in that bottle?,"['alcohol', 'vodka', 'vodka', 'smirnoff ice', 'smirnoff ice', 'vodka', 'vodka', 'wine', 'vodka', 'smirnoff vodka']",vodka,alcohol,fusion wins
VizWiz_val_00002676.jpg,What is this item?,"['grilled chicken spanish rice', 'chicken', 'chicken', 'steam in bag grilled chicken spanish rice', 'grilled chicken spanish rice', 'grilled chicken spanish rice', 'grilled chicken spanish rice', 'grilled chicken spanish rice', 'grilled chicken spanish rice', 'chicken']",rice,chicken,skill wins
VizWiz_val_00002678.jpg,Which flower is this?,"['orchid', 'roses', 'orchid', 'orchid', 'orchid', 'tulip', 'orchid', 'orchid', 'orchid', 'unanswerable']",unanswerable,flowers,fusion wins
VizWiz_val_00002693.jpg,what am I looking at?,"['chair desk', 'desk', 'desk', 'office', 'desk', 'table', 'unanswerable', 'office', 'desk', '2 desks blue chairs']",unanswerable,floor,fusion wins
VizWiz_val_00002715.jpg,What kind of hand soap is this?,"['papaya mango', 'lucky', 'lucky', 'papaya mango', 'papaya mango', 'lucky papaya mango', 'antibacterial', 'hand soap', 'papaya mango', 'lucky papaya mango antibacterial hand soap']",hand soap,shower gel,fusion wins
VizWiz_val_00002729.jpg,is this,"['unanswerable', 'unanswerable', 'bag', 'unanswerable', 'unanswerable', 'unanswerable', 'yes', 'unanswerable', 'unanswerable', 'blue']",unanswerable,no,fusion wins
VizWiz_val_00002730.jpg,What color are these cabinets?,"['white color', 'white', 'white', 'white', 'white', 'white', 'white', 'white wood border', 'white light brown wood trim', 'white']",black,white,skill wins
VizWiz_val_00002733.jpg,"I think this is peach, but does it say if it is sweet or made with Splenda?","['unanswerable', 'no', 'unanswerable', 'usda organic', 'sweet', 'unanswerable', 'unanswerable', 'unanswerable', 'unanswerable', 'no']",tea,no,skill wins
VizWiz_val_00002749.jpg,Can you please tell me what the oven temperature is set to?,"['no', 'broil', 'bake', 'unanswerable', 'unanswerable', 'broil', '150', 'unanswerable', 'not sure', 'unanswerable']",unanswerable,no,fusion wins
VizWiz_val_00002754.jpg,"What time is it, and what is your favorite football team?","['unanswerable', 'unanswerable', 'unanswerable', 'unanswerable', 'unanswerable', 'unanswerable', 'unanswerable', 'unanswerable', 'unanswerable', 'cassette player']",unanswerable,no,fusion wins
VizWiz_val_00002757.jpg,What kind of carton is this? Orange juice or milk?,"['orange juice', 'orange juice', 'oj', 'orange juice', 'orange juice', 'orange juice', 'orange juice', 'orange', 'orange juice', 'paper carton orange juice']",orange juice,orange,fusion wins
VizWiz_val_00002793.jpg,What does this label say?,"['shiners rye lager', 'shiner rye lager ryes shine brewers craft beer', 'shiner rye lager ryes shine', 'shiners rye lager ryes shine brewers craft brew', 'shiner rye lager', 'shiner rye lager reyes shine', 'ryes shine craft beer', 'shiner rye lager ryes shine brewerscraft brew', 'rye lager ryes shine', 'shiner rye lager']",shiner rye lager ryes shine,beer,fusion wins
VizWiz_val_00002794.jpg,What is this?,"['entertainment center', 'bedroom', 'bedroom', 'bedroom', 'bed', 'bedroom', 'room', 'bed', 'unanswerable', 'person laying in bed']",bed,remote,fusion wins
VizWiz_val_00002805.jpg,Can you tell me the detail of the food in this thing?,"['herb crusted fish', 'no', 'yes', 'dgdfsg', 'breaded fish pasta tomato sauce vegetables', 'herb crusted fish herb crusted white fish pasta in tomato basil sauce veggies', 'herb crusted white fish pasta in tomato basil sauce green beans carrots', 'herb crusted white fish pasta in tomato basil sauce green beans carrots', 'herb crusted white fish past in tomato basil sauce green beans carrots', 'herb crusted fish pasta in tomato basil sauce green beans carrots']",yes,unanswerable,fusion wins
VizWiz_val_00002809.jpg,Would you please tell me what the sky in this photograph looks like?,"['blue cloudy', 'grey', 'blue clouds', 'storm clouds', 'stormy', 'ominous', 'stormy', 'cloudy', 'rain', 'cloudy']",cloudy,clear,fusion wins
VizWiz_val_00002811.jpg,Dinner bowl is this?,"['no', 'marie callenders', 'unanswerable', 'marie callenders', 'unanswerable', 'unanswerable', 'chicken teriyaki', 'frozen dinner', 'chicken teriyaki', 'unanswerable']",sesame chicken,unanswerable,skill wins
VizWiz_val_00002840.jpg,What is this?,"['can', 'unanswerable', 'can', 'can', 'can', 'can', 'canned food', 'tin can', 'unanswerable', 'can']",can,soup,fusion wins
VizWiz_val_00002842.jpg,What is it?,"['unanswerable', 'wire', 'unanswerable', 'black rubber dog toy', 'plant', 'unanswerable', 'unanswerable', 'unanswerable', 'unanswerable', 'unanswerable']",unanswerable,cord,fusion wins
VizWiz_val_00002855.jpg,What does it say on the box for directions on how to make macaroni and cheese?,"['unanswerable', 'unanswerable', 'cook', 'unanswerable', 'unanswerable', 'mix hot water cheese packet', 'unanswerable', 'cook drain mix packet milk butter', 'instructions not readable', 'boil water add pasta boil for 7:30 mins add milk butter cheese mix after draining']",unanswerable,yes,fusion wins
VizWiz_val_00002888.jpg,What does this dog look like?,"['unanswerable', 'unanswerable', 'unanswerable', 'unanswerable', 'white snake', 'unanswerable', 'bored', 'blonde fur stocky build', 'brown lab', 'unanswerable']",white,unanswerable,skill wins
VizWiz_val_00002904.jpg,Could you read the writing that's on this tag please? Thank you.,"['yes i can read', '2 x', 'x polycotton spandex', 'x', 'no', 'sport savvy x 63 polyester 34 cotton 3 spandex made in china', 'sport savvy', 'unanswerable', 'x 63% polyester', 'sport savvy x']",yes,unanswerable,skill wins
VizWiz_val_00002909.jpg,What is this can?,"['unanswerable', 'beans', 'shili', 'noodles', 'unanswerable', 'beans', 'refried beans', 'unanswerable', 'spaghetti rings', 'beans']",unanswerable,soup,fusion wins
VizWiz_val_00002918.jpg,What color is it?,"['white', 'white green', 'green', 'white', 'unanswerable', 'purse dog white paw pad brown', 'white green', 'white', 'light tan', 'white']",white,brown,fusion wins
VizWiz_val_00002920.jpg,What's in the bottle? ,"['body wash', 'body wash', 'unanswerable', 'unanswerable', 'unanswerable', 'lotion', 'unanswerable', 'unanswerable', 'eardrops', 'unanswerable']",unanswerable,lotion,fusion wins
VizWiz_val_00002946.jpg,what color is this  hair clip?,"['white', 'white', 'white', 'white', 'white', 'white', 'white', 'white', 'white', 'white']",white,gold,fusion wins
VizWiz_val_00002949.jpg,Could you tell me color this is? What color is this please?,"['black', 'black', 'black', 'black', 'black', 'black', 'black', 'black', 'black', 'black']",black,grey,fusion wins
VizWiz_val_00002953.jpg,is this? What is this?,"['television', 'tv player', 'tv', 'tv cable bo', 'cable box', 'unanswerable', 'tv', 'led tv', 'led', 'vcr tv']",television,tv,skill wins
VizWiz_val_00002967.jpg,What kind of coffee. What flavor is this coffee please? Thank you. ,"['unanswerable', 'unanswerable', 'unanswerable', 'unanswerable', 'unanswerable', 'unanswerable', '1000 faces', 'unanswerable', '1000 faces', 'unanswerable']",unanswerable,french roast,fusion wins
VizWiz_val_00002973.jpg,What color is my jeans?,"['blue', 'unanswerable', 'black', 'unanswerable', 'unanswerable', 'grey', 'unanswerable', 'blue', 'black', 'shaded grey']",grey,unanswerable,skill wins
VizWiz_val_00003048.jpg,What color is this comforter?,"['white', 'blue orange green', 'white green orange', 'blue', 'white', 'white', 'white yellow green', 'white flowers', 'white flowers', 'white peach green flowers']",white,unanswerable,fusion wins
VizWiz_val_00003057.jpg,WHAT IS THIS?,"['unanswerable', 'banana flavor snack', 'popcorn', 'some banana flavored angel delight', 'unanswerable', 'cereal', 'food', 'angel delight', 'banana flavored treats', 'popcorn']",cookies,food,skill wins
VizWiz_val_00003093.jpg,What is this?,"['unanswerable', 'unanswerable', 'pudding', 'pudding', 'paste', 'soup', 'unanswerable', 'unanswerable', 'batter', 'shit']",unanswerable,jar,fusion wins
VizWiz_val_00003110.jpg,what is this please?,"['doritos cool ranch', 'chips', 'cool ranch doritos', 'chips', 'doritos cool ranch chips', 'doritos', 'doritos cool ranch', 'doritos cool ranch', 'cool ranch dorito chips', 'unanswerable']",cheetos,chips,skill wins
VizWiz_val_00003125.jpg,Is there a picture forming on this map?,"['yes', 'unanswerable', 'rug', 'yes', 'unanswerable', 'yes', 'yes', 'yes', 'unanswerable', 'no']",yes,no,fusion wins
VizWiz_val_00003130.jpg,What is this?,"['unanswerable', 'penbino', 'game', 'penbino', 'penbino', 'penbino', 'toy', 'book', 'unanswerable', 'toy']",unanswerable,book,fusion wins
VizWiz_val_00003137.jpg,Getting closer to the boyle?,"['yes boiling', 'yes', 'yes', 'no', 'yes', 'no', 'yes', 'yes', 'yes', 'yes']",no,yes,skill wins
VizWiz_val_00003176.jpg,can i get the name of the team please for rickey henderson thank you.,"['dodgers', 'yankees', 'oakland athletics', 'unanswerable', 'oakland athletics', 'that information not available on here', 'athletics', 'wargawrgh', 'athletics yankees', 'unanswerable']",rickey henderson.1992,unanswerable,skill wins
VizWiz_val_00003182.jpg,What is this cereal?,"['unanswerable', 'unanswerable', 'tv', 'unanswerable', 'unanswerable', 'unanswerable', 'unanswerable', 'unanswerable', 'unanswerable', 'unanswerable']",tv,unanswerable,skill wins
VizWiz_val_00003192.jpg,What color are these pants?,"['dark grey', 'grey', 'brown', 'black', 'brown', 'brown', 'brown', 'grey', 'brown', 'brown grey']",tan,brown,skill wins
VizWiz_val_00003198.jpg,What brand of monitor is this?,"['lg', 'unanswerable', 'unanswerable', 'lg', 'lg', 'lg', 'lg', 'lg', 'lg', 'lg']",dell,unanswerable,skill wins
VizWiz_val_00003218.jpg,What is this?,"['mushrooms', 'unanswerable', 'this snaks', 'unanswerable', 'dried fruit', 'unanswerable', 'unanswerable', 'rocks', 'rocks', 'cannot tell']",unanswerable,food,fusion wins
VizWiz_val_00003219.jpg,"Okay, what kind of jerky is this again?","['jack links', 'ds', 'unanswerable', 'unanswerable', 'unanswerable', 'beef', 'unanswerable', 'beef', 'unanswerable', 'unanswerable']",unanswerable,no,fusion wins
VizWiz_val_00003234.jpg,What is this?,"['1 dollar us bill', '1 dollar', '1 dollar bill', 'i dont know', 'dollar bill', 'money', 'money', '$1 bill', 'dollar bill', '$1 bill']",1 dollar bill,dollar bill,skill wins
VizWiz_val_00003237.jpg,What is in this bottle?,"['unanswerable', 'aspirin', 'unanswerable', 'vitamins', 'unanswerable', 'unanswerable', 'pills', 'aspirin', 'unanswerable', 'unanswerable']",medicine,unanswerable,skill wins
VizWiz_val_00003243.jpg,What is my color of what is color of my shirt?,"['white', 'white', 'white', 'white', 'white', 'white', 'white', 'grey', 'white', 'grey']",white,grey,fusion wins
VizWiz_val_00003246.jpg,What's on the screen?,"['nothing', 'glare', 'unanswerable', 'nothing', 'nothing', 'unanswerable', 'flash', 'nothing', 'glare', 'nothing']",nothing,microsoft,fusion wins
VizWiz_val_00003251.jpg,Is this picture on Google?,"['no', 'unanswerable', 'unanswerable', 'probably', 'no', 'phone case decorated ballerina flowers', 'no', 'yes', 'yea', 'no']",no,yes,fusion wins
VizWiz_val_00003258.jpg,What does this mug say?,"['unanswerable', 'brugge', 'brugge', 'brugge', 'unanswerable', 'brugge', 'brugge', 'brugge', 'nothing', 'brugge']",brugge,unanswerable,fusion wins
VizWiz_val_00003259.jpg,what kind of snake is this?,"['dont know', 'cobra', 'cobra', 'cobra', 'rattlesnake', 'cobra', 'plastic', 'cobra', 'cobra', 'cobra']",unanswerable,cobra,skill wins
VizWiz_val_00003270.jpg,What color is this please? ,"['blue', 'purple tan', 'purple', 'purple', 'purple', 'purple', 'maroon', 'purple', 'purple', 'purple']",purple,brown,fusion wins
VizWiz_val_00003278.jpg,What is in this can?,"['pop', 'unanswerable', 'unanswerable', 'soda', 'cola', 'unanswerable', 'soda', 'soda', 'unanswerable', 'pop']",unanswerable,coca cola,fusion wins
VizWiz_val_00003289.jpg,What's this?,"['computer keys', 'unanswerable', 'computer keyboard', 'keyboard colon', 'keyboard', 'keyboard', 'video display', 'keyboard', 'keyboard', 'keyboard']",unanswerable,keyboard,skill wins
VizWiz_val_00003297.jpg,WHat is this?,"['money', 'dollar', 'dollar bill', '1 dollar', '$1 american bill', 'money', 'dollar bill', '$1', '1 dollar', 'money']",1 dollar bill,dollar bill,skill wins
VizWiz_val_00003298.jpg,What is this?,"['sweat pea scented shower gel', 'shower gel', 'unanswerable', 'soap', 'unanswerable', 'unanswerable', 'hand soap', 'body wash', 'unanswerable', 'body wash']",unanswerable,lotion,fusion wins
VizWiz_val_00003305.jpg,What does that mean?,"['unanswerable', 'milk', 'unanswerable', 'i dont speak spanish', 'thanks to our people', 'unanswerable', 'hormone free', 'cow', 'thank you', 'written in spanish']",unanswerable,our,fusion wins
VizWiz_val_00003306.jpg,What is in this can?,"['sugar', 'soup', 'unanswerable', 'soup', 'soup', 'soup', 'unanswerable', 'soup', 'soup', 'soup']",unanswerable,soup,skill wins
VizWiz_val_00003319.jpg,Which buttons are the volume?,"['middle left buttons plus minus sign', 'white buttons middle left', 'unanswerable', 'white button closest to tech printed word', 'middle left', 'white ones', 'white toggle buttons on left', 'middle left', 'middle left', 'middle left']",unanswerable,remote,fusion wins
VizWiz_val_00003320.jpg,What's this a picture of?,"['poster', 'poster', 'girl on flying carpet', 'book called book present you can open again again', 'book', 'poster', 'book', 'card greeting card maybe', 'unanswerable', 'poster']",bag,book,skill wins
VizWiz_val_00003339.jpg,What is this?,"['drawing', 'image', 'money', 'bridge', 'arches', 'blanket', 'blanket', 'aquaducts', 'painting', 'money']",unanswerable,money,skill wins
VizWiz_val_00003344.jpg,How long do I cook this in the microwave?,"['unanswerable', 'unanswerable', 'unanswerable', 'unanswerable', 'unanswerable', 'unanswerable', 'unanswerable', '8 minutes', 'unanswerable', 'unanswerable']",8 minutes,unanswerable,skill wins
VizWiz_val_00003351.jpg,What is this?,"['towel', 'towel', 'towel', 'towel', 'looks like red white towel against some tile', 'towel', 'striped red white towel', 'bath towel', 'towel', 'red white striped towel']",towel,rug,fusion wins
VizWiz_val_00003353.jpg,what is on this shirt?,"['unanswerable', 'words', 'green lettering', 'unanswerable', 'unanswerable', 'design', 'green black graphic design', 'lime green writing black white picture', 'green', 'lime green black lettering partial lime green icon visible']",white,unanswerable,skill wins
VizWiz_val_00003362.jpg,What is this?,"['new college worcester', 'new college worcester brochure', 'school pamphlet', 'college advertisement', 'college classes', 'ncw', 'brochure', 'new college worcester business card', 'unanswerable', 'booklet']",book,unanswerable,skill wins
VizWiz_val_00003382.jpg,What kind of beer is this?,"['becks', 'not sure', 'unanswerable', 'becks', 'becks', 'becks', 'becks', 'becks', 'becks', 'beer']",beer,non alcoholic,fusion wins
VizWiz_val_00003390.jpg,What's that?,"['neon yellow garment', 'back seat car', 'car interior', 'jacket', 'car seats', 'backseat car', 'baby bag', 'unanswerable', 'car seat', 'backseat car']",unanswerable,car,fusion wins
VizWiz_val_00003406.jpg,What color is this pillow?,"['grey', 'black', 'grey', 'grey', 'grey', 'grey', 'grey', 'white', 'grey', 'white']",grey,white,fusion wins
VizWiz_val_00003409.jpg,What is it?,"['unanswerable', 'baby oil', 'baby oil', 'clear bottle liquid', 'bottle liquid', 'bottle', 'bottle', 'bottle body wash', 'baby oil', 'shampoo']",unanswerable,phone,fusion wins
VizWiz_val_00003421.jpg,"Can someone please tell me what type of meat is in this package? I'm not sure, I can't identify it.","['unanswerable', 'pork chops', 'chicken', 'chicken', 'chicken', 'pork loin', 'pork chops', 'pork loin', 'pork loins', 'pork loin']",unanswerable,chicken,skill wins
VizWiz_val_00003429.jpg,"Tell me, what's the best meal there--I mean, in McDonald's. Because I'm a new customer.","['unanswerable', 'number 1', 'quarter pounder meal', '#2 diet coke', 'breakfast sausage egg mcmuffin cheese hash brown coffee', 'unanswerable', 'unanswerable', 'big mac fries', 'unanswerable', 'mcgriddle']",unanswerable,no,fusion wins
VizWiz_val_00003432.jpg,What is the color of the lid?,"['pink', 'pink', 'pink', 'pink color', 'pink', 'pink', 'pink', 'pink', 'pink', 'pink']",cup,pink,skill wins
VizWiz_val_00003433.jpg,What is this?,"['money', 'money', 'money', 'money 100$ saudi', 'unanswerable', '$100 saudi', '$100', 'this dolar', 'money', '100 saudi money']",money,unanswerable,fusion wins
VizWiz_val_00003457.jpg,What color is this?,"['unanswerable', 'red', 'red', 'red', 'red', 'red', 'red', 'red white blue', 'red', 'red']",green,red,skill wins
VizWiz_val_00003467.jpg,What is the flavor of this bag of noodles?,"['chicken', 'creamy chicken', 'creamy chicken', 'creamy chicken', 'creamy chicken', 'creamy chicken', 'chicken', 'creamy chicken', 'creamy chicken', 'creamy chicken']",chicken,creamy chicken,skill wins
VizWiz_val_00003480.jpg,What color is this shirt?,"['black', 'grey orange white text', 'brown', 'unanswerable', 'black text', 'grey', 'black', 'brown', 'black', 'grey']",black,brown,fusion wins
VizWiz_val_00003481.jpg,What is this?,"['unanswerable', 'person', 'male sitting on chair', 'man', 'desk', 'unanswerable', 'body', 'man', 'jeans', 'man']",unanswerable,phone,fusion wins
VizWiz_val_00003490.jpg,What is this?,"['telephone', 'telephone', 'phone', 'phone', 'electronic device dialer pad', 'machine number pad', 'control', 'i honestly cant figure out', 'dialer', 'home security keypad']",phone,remote,fusion wins
VizWiz_val_00003495.jpg,I was curious to know what color her shirt is; and whether or not it's camouflage? ,"['camouflage olive green brown', 'yes camo', 'camo green', 'green tan camo', 'yes camouflage', 'brown green beige camouflage', 'camouflage', 'green', 'green brown', 'green camouflage']",green,camouflaged,fusion wins
VizWiz_val_00003502.jpg,What is this?,"['nissan', 'nissan', 'nissan emblem', 'nissan', 'car grill', 'this nissan', 'car', 'nissan emblem', 'nissan', 'bumper nissan']",steering wheel,car,skill wins
VizWiz_val_00003504.jpg,What colors are in this material?,"['brown tan white', 'light dark brown', 'brown', 'brown', 'brown', 'brown tan', 'brown tan lighter tan', 'beige brown', 'brown', 'brown beige tan']",white,brown,skill wins
VizWiz_val_00003531.jpg,What kind of food is this? ,"['tomato sauce', 'tomato sauce', 'organic tomato sauce', 'tomato sauce', 'tomato sauce', 'tomato sauce', 'muir glen organic tomato sauce', 'tomato sauce', 'muir glen organic tomato sauce', 'tomoto']",tomato sauce,tomatoes,fusion wins
VizWiz_val_00003532.jpg,Tell me what's the color for this ipad?,"['white', 'white', 'white', 'white', 'white', 'white', 'white', 'white', 'white', 'white']",white,green,fusion wins
VizWiz_val_00003536.jpg,How should I cook this pasta dish?,"['oven', 'unanswerable', 'already cooked heat in microwave', 'oven', 'unanswerable', 'box', 'unanswerable', 'unanswerable', 'oven', 'reheat in oven']",chicken,unanswerable,skill wins
VizWiz_val_00003538.jpg,What is this?,"['bag cookies', 'oatmeal', 'oatmeal cookies', 'oatmeal cookie', 'cookies', 'oatmeal cookies', 'dads cookies', 'box', 'snack', 'cookies']",cookies,crackers,fusion wins
VizWiz_val_00003550.jpg,Does this sweater and this shirt go together?,"['yes', 'yes', 'yes', 'yes', 'no', 'yes', 'yes', 'yes', 'no', 'no']",yes,unanswerable,fusion wins
VizWiz_val_00003557.jpg,What is this? ,"['nestle sno caps candies', 'sno caps', 'sno caps candy', 'sno caps candy', 'sno caps candy', 'sno caps candy', 'sno caps candy', 'sno caps', 'candy', 'sno caps candy']",cookies,candy,skill wins
VizWiz_val_00003560.jpg,What color are these pants?,"['grey', 'blue', 'blue', 'tan', 'blue', 'blue', 'grey', 'white', 'light blue', 'light beige']",grey,tan,fusion wins
VizWiz_val_00003562.jpg,"Just, just a quick idea on this.","['swregfserg', 'unanswerable', 'unanswerable', 'mlb 12 show playstation game', 'unanswerable', 'mlb', 'mlb12 show psi game', 'psi game mlb 12 show', 'poor game', 'psi mlb12 show']",yes,unanswerable,skill wins
VizWiz_val_00003582.jpg,What is this?,"['unanswerable', 'can', 'split pea soup', 'split pea soup', 'split pea soup', 'split pea soup', 'soup', 'can split pea soup', 'split pea soup', 'soup']",peas,soup,skill wins
VizWiz_val_00003587.jpg,What color is this?,"['grey', 'grey', 'grey', 'grey', 'brown', 'grey', 'tan', 'tan', 'grey', 'brown']",purple,brown,skill wins
VizWiz_val_00003592.jpg,What is this?,"['epsoni', 'epson projector', 'video projector', 'projector', 'lcd player', 'scaner', 'printer', 'epson projector', 'epson projector', 'projector']",projector,fan,fusion wins
VizWiz_val_00003595.jpg,What medicine is this?,"['this advil', 'advil cold sinus', 'advil', 'advil', 'advil', 'advil cold sinus', 'advil', 'advil', 'advil cold sinus', 'advil']",unanswerable,advil,skill wins
VizWiz_val_00003610.jpg,What is this item?,"['craft', 'unanswerable', 'glow in dark toy', 'craft kit', 'craft kit', 'unanswerable', 'toy', 'beads', 'unanswerable', 'unanswerable']",puzzle,toy,skill wins
VizWiz_val_00003646.jpg,Is this readable?,"['tylenol extra strength', 'yes', 'yes', 'yes', 'yes', 'yes', 'yes', 'yes', 'bigger print readable smaller print not', 'yes']",yes,no,fusion wins
VizWiz_val_00003648.jpg,What window screen do you see on my computer monitor?,"['unanswerable', 'repair screen', 'unanswerable', 'setup repair', 'restore system', 'unanswerable', 'startup repair', 'unanswerable', 'unanswerable', 'unanswerable']",startup repair,unanswerable,skill wins
VizWiz_val_00003656.jpg,What does the the CAPTCHA say?,"['w2nmv5fz', 'w2nmv5fz', 'w2nmv5fz', 'unanswerable', 'unanswerable', 'w2nmv5fz', 'w2nmv5fz', 'wvvskz', 'w2nvn5fz', 'w2nmv5fz']",unanswerable,no,fusion wins
VizWiz_val_00003672.jpg,What is in this box?,"['crackers', 'crackers', 'crackers', 'crackers', 'crackers', 'crackers', 'crackers', 'crackers', 'free wafers', 'crackers']",cookies,crackers,skill wins
VizWiz_val_00003698.jpg,What is this?,"['money', 'money', '$20 bill', 'money', '20 dollars', '20 dollars', '20 dollars', 'twenty dollar bill', '20.00 bill', '20 dollar bill']",5 dollar bill,money,skill wins
VizWiz_val_00003703.jpg,Color are the. What color are the boots?,"['black', 'black', 'black', 'black', 'black', 'black', 'black', 'black', 'black', 'black']",black,brown,fusion wins
VizWiz_val_00003711.jpg,What is this?,"['unanswerable', 'unanswerable', 'unanswerable', 'unanswerable', 'unanswerable', 'unanswerable', 'unanswerable', 'unknown', 'unanswerable', 'unanswerable']",cookies,unanswerable,skill wins
VizWiz_val_00003724.jpg,What is this?,"['zatarains new orleans style jambalaya mix', 'jambalaya mix', 'jambalaya mix', 'jambalaya mix', 'jambalaya mix', 'rice', 'zatarains jambalaya mix', 'jambalaya', 'zatarains jambalaya mix', 'jambalaya mix']",jambalaya mix,jambalaya,fusion wins
VizWiz_val_00003746.jpg,What is this?,"['unanswerable', 'moussaka', 'picture food', 'product box', 'frozen meal', 'meal for 1', 'moussaka meal', 'unanswerable', 'unanswerable', 'classic']",unanswerable,food,fusion wins
VizWiz_val_00003754.jpg,What kind of shampoo is this?,"['bed head', 'bed head', 'bed head control freak', 'bed head control freak', 'bed head control freak', 'bedhead', 'bed head tigi', 'bed head tigi', 'bed head', 'bed head control freak']",conditioner,bed head,skill wins
VizWiz_val_00003774.jpg,What color are my shoes?,"['brown', 'brown tan', 'brown', 'brown', 'brown', 'brown', 'brown', 'brown', 'beige', 'brown']",black,brown,skill wins
VizWiz_val_00003775.jpg,What is this?,"['bottle', 'bottle', 'plastic product bottle', 'sleep aid', 'unanswerable', 'bottle', 'pills', 'supplements', 'unanswerable', 'dietary supplement']",unanswerable,bottle,skill wins
VizWiz_val_00003785.jpg,What is in the little bottle that is on the table?,"['blue food dye', 'alcohol', 'nyquil', 'unanswerable', 'unanswerable', 'medicine', 'unanswerable', 'unanswerable', 'unanswerable', 'unanswerable']",medicine,unanswerable,skill wins
VizWiz_val_00003786.jpg,What color are my pants?,"['black white stripes', 'black', 'black white stripes', 'black', 'black white', 'black', 'black white stripes down sides', 'black', 'black', 'black']",grey,black,skill wins
VizWiz_val_00003800.jpg,What does it say on this bottle?,"['ovation cell therapy', 'cell therapy', 'ovation cell therapy hair treatment', 'ovation cell therapy', 'ovation cell therapy', 'unanswerable', 'cell therapy', 'ovation cell therapy', 'ovation cell therapy', 'cell therapy']",shampoo,unanswerable,skill wins
VizWiz_val_00003802.jpg,I found this in the wild. Can I keep it as a pet?,"['yes', 'yes', 'maybe', 'unanswerable', 'yes', 'unanswerable', 'cat leg', 'unanswerable', 'yes', 'yes']",unanswerable,cat,fusion wins
VizWiz_val_00003812.jpg,What's the five digit number?,"['23442', '23442', '23442', 'unanswerable', 'unanswerable', 'only see 2 digits 69', '23442', 'unanswerable', 'unanswerable', '23442']",unanswerable,30362,fusion wins
VizWiz_val_00003821.jpg,What is this?,"['papaya tree', 'melon', 'palm tree', 'melon', 'tree', 'pecans', 'green coconuts', 'coconut', 'tree', 'tree']",tree,squash,fusion wins
VizWiz_val_00003822.jpg,What color are these shoes?,"['brown', 'brown', 'brown', 'brown leather', 'brown', 'brown', 'brown', 'black', 'brown', 'brown']",black,brown,skill wins
VizWiz_val_00003834.jpg,What is this a model of?,"['soda', 'sprite', 'soda bottle', 'sprite', 'unanswerable', 'sprite soda', 'sprite', 'sprite bottle', 'unanswerable', 'sprite']",unanswerable,sprite,skill wins
VizWiz_val_00003866.jpg,Can you please tell me what these numbers say? Thank you.,"['0.0 5.0 233', '0.0 5.0 233', '0.0 5.0 233', '0.0 5.0 233', '0.0 5.0 233', '0.0 5.0 233', 'unanswerable', '0.0 5.0 233', '5.0 233 0.0', '0.0 5.0 233']",unanswerable,00 3.10 539,fusion wins
VizWiz_val_00003871.jpg,What type of K Cup is this?,"['tea', 'folgers', 'unanswerable', 'blue', 'unanswerable', 'unanswerable', 'glossy', 'unanswerable', 'folgers', 'folgers unable to read rest label']",french vanilla,unanswerable,skill wins
VizWiz_val_00003877.jpg,What's this?,"['ice trays', 'ice', 'ice', 'ice', 'ice', 'ice', 'unanswerable', 'giant chunk ice', 'ice cubes', 'ice']",unanswerable,sink,fusion wins
VizWiz_val_00003884.jpg,Can you tell what dinner this is?,"['country fried chicken gravy', 'country fried chicken gravy', 'country fried chicken gravy', 'chicken', 'country fried chicken gravey', 'country fried chicken gravy', 'marie callenders country fried chicken gravy', 'country fried steak mashed potatoes corn', 'country fried chicken gravy', 'country fried chicken gravy']",meat loaf gravy,chicken,skill wins
VizWiz_val_00003890.jpg,What's this?,"['unanswerable', 'box', 'counter top', 'unanswerable', 'box', 'wall', 'unanswerable', 'table', 'iphone box', 'counter']",unanswerable,laptop,fusion wins
VizWiz_val_00003904.jpg,What is the photo on the shirt and what does it say?,"['maimi gator logo', 'florida gators logo', 'alligator no words', 'alligator', 'crocodile no words', 'gators', 'crocodile no words', 'gator', 'unanswerable', 'florida gators']",unanswerable,packers,fusion wins
VizWiz_val_00003922.jpg,This is a blank screen. What color is it? Is there any text there?,"['green file missing', 'unanswerable', 'black says file missing', 'green yes', 'black yes', 'black file missing', 'file missing', 'green yes', 'green no', 'black file missing']",black,unanswerable,skill wins
VizWiz_val_00003933.jpg,What is this?,"['unanswerable', 'microwave dinner', 'frozen food', 'chimichuri', 'food', 'food', 'unanswerable', 'microwave chicken dinner', 'package chimichurri rice vegetables', 'unanswerable']",chicken,food,skill wins
VizWiz_val_00003951.jpg,What is in this bottle?,"['body lotion', 'body lotion', 'body lotion', 'lotion', 'shea body lotion vitamin e', 'moonlight path shea vitamin e body lotion', 'body lotion', 'moonlight path body lotion', 'moonlight path body lotion', 'lotion']",lotion,body lotion,skill wins
VizWiz_val_00003953.jpg,How much sodium is in each serving of these beans?,"['blurry', 'unanswerable', '30 mg', '30 mg', 'unanswerable', '35mg', 'unanswerable', 'unanswerable', 'unanswerable', 'unanswerable']",unanswerable,1 2 cup,fusion wins
VizWiz_val_00003962.jpg,What is on this computer screen?,"['nothing', 'nothing', 'nothing', 'nothing', 'unanswerable', 'blank', 'fingerprints', 'smudges', 'lamp reflection', 'nothing']",unanswerable,laptop,fusion wins
VizWiz_val_00003969.jpg,What book is this?,"['unanswerable', 'unanswerable', 'insufficient image quality', 'american pageants', 'history textbook', 'unanswerable', 'unanswerable', 'unanswerable', 'unanswerable', 'unanswerable']",history,unanswerable,skill wins
VizWiz_val_00003972.jpg,What page is this.  And can you tell me if it's upside down or right side up.,"['330 upside down', 'page #330 upside down', 'page 300 upside down', '330 upside down', '330 upside down', 'upside down', 'upside down page 330', '330 upside down', '330 upside down', '330 upside down']",330 upside down,upside down,fusion wins
VizWiz_val_00003974.jpg,Is the screen on?,"['no', 'no', 'no', 'no', 'no', 'no', 'no', 'no', 'no', 'no']",yes,no,skill wins
VizWiz_val_00003988.jpg,"The title of this book please, thank you.","['daily bread', 'daily break words for life', 'daily bread', 'daily bread', 'daily breath', 'unanswerable', 'daily break', 'daily bread words for life', 'unanswerable', 'daily bread']",treadmill,unanswerable,skill wins
VizWiz_val_00003995.jpg,What are the instructions for the lasagna?,"['unanswerable', 'unanswerable', 'unanswerable', 'unanswerable', 'unanswerable', 'picture too close', 'unanswerable', 'unanswerable', 'unanswerable', 'cook']",conventional oven,unanswerable,skill wins
VizWiz_val_00004008.jpg,What is this?,"['soup', 'unanswerable', 'soup', 'soup', 'beef stew', 'hormel beef stew', 'unanswerable', 'beef stew', 'hormel', 'dirty moore stew']",unanswerable,soup,skill wins
VizWiz_val_00004014.jpg,What flavor are these noodles? ,"['chicken', 'chicken', 'chicken', 'chicken', 'chicken', 'chicken', 'chicken', 'chicken', 'chicken', 'chicken']",unanswerable,chicken,skill wins
VizWiz_val_00004058.jpg,What is this meat? ,"['pork belly ribs', 'pork belly ribs', 'pork belly ribs oriental chinese flavour', 'pork belly ribs', 'pork belly ribs', 'this meat pork belly ribs oriental chinese flavour', 'pork belly ribs', 'pork belly ribs', 'pork belly ribs', 'pork belly ribs']",lean beef steak,pork belly ribs,skill wins
VizWiz_val_00004076.jpg,What is that?,"['soda bottle', 'soda bottle', 'plastic bottle', 'sprite', 'unanswerable', 'sprite bottle', 'sprite bottle', 'sprite', 'sprite soda bottle', 'green pop bottle']",soda,sprite,skill wins
VizWiz_val_00004092.jpg,Which color is it?,"['black silver', 'multi', 'black silver', 'stainless steel black', 'silver', 'black', 'black silver', 'black', 'grey black', 'black silver']",black,white,fusion wins
VizWiz_val_00004106.jpg,What is this photo?,"['album cover', 'album cover autotheism', 'faceless autotheism', 'cd', 'faceless autotheism', 'autotheism', 'unanswerable', 'album cover', 'unanswerable', 'unanswerable']",video game,cd,skill wins
VizWiz_val_00004116.jpg,What color are the lids of the bottles?,"['green', 'black', 'green', 'green', 'green', 'green', 'blue', 'black', 'blue green', 'green']",white,blue,skill wins
VizWiz_val_00004126.jpg,What color is this shirt?,"['brown', 'maroon', 'brown', 'brown', 'black', 'brown', 'brown', 'brown', 'black', 'black little yellow']",grey,brown,skill wins
VizWiz_val_00004175.jpg,What is it?,"['20 dollar bill', '20 dollar bill', '20 dollar bill', '20 dollar bill', '$20', 'money', '20 dollar bill', '20 dollar bill', 'money', '$20']",5 dollar bill,20 dollar bill,skill wins
VizWiz_val_00004182.jpg,Would you say this room is illuminated?,"['yes', 'yes', 'yes', 'yes', 'no', 'yes', 'yes', 'partially', 'no', 'no']",no,unanswerable,fusion wins
VizWiz_val_00004187.jpg,What color is this please?,"['black white', 'leopard print', 'animal print black grey white', 'brown black', 'white black grey animal print', 'white grey', 'leopard', 'bedroom', 'white black grey leopard print', 'leopard print']",purple,black white,skill wins
VizWiz_val_00004188.jpg,What is this?,"['3 musketeers', 'candy bar', 'cereal', 'candybar', 'candy', 'cereal', '3 musketeers candy bar', '3 musketeers', 'food on table candy bar', 'bowl cereal']",unanswerable,cereal,skill wins
VizWiz_val_00004194.jpg,What color is this tablet?,"['white', 'church notebook', 'brown', 'white', 'white', 'white', 'tan', 'tan', 'unanswerable', 'whote']",black,white,skill wins
VizWiz_val_00004212.jpg,What is this?,"['lotion', 'hair product', 'lotion', 'lotion', 'unanswerable', 'lotion', 'lotion', 'lotion', 'lotion', 'lotion']",lotion,body lotion,fusion wins
VizWiz_val_00004215.jpg,What is this?,"['i do no', 'wristband', 'knitting', 'sock', 'unanswerable', 'unanswerable', 'sock', 'sock', 'sock', 'sock']",sock,blanket,fusion wins
VizWiz_val_00004244.jpg,What is this?,"['daffodils', 'vase flowers', 'yellow flowers', 'daffodils', 'vase flower', 'dandelions in vase', 'flowers', 'daffodils', 'yellow flowers in vase', 'daffodil']",flowers,plant,fusion wins
VizWiz_val_00004248.jpg,I need to know what can this is so what is in this can?,"['peanut butter', 'peanut butter', 'peanut butter', 'peanut butter', 'peanut butter', 'peanut butter', 'peanut butter', 'peanut butter', 'unanswerable', 'peanut butter']",unanswerable,peanut butter,skill wins
VizWiz_val_00004249.jpg,Is this?,"['minced garlic', 'minced garlic', 'garlic minced', 'minced garlic seasoning', 'garlic minced', 'unanswerable', 'minced garlic', 'no', 'garlic', 'spices']",spaghetti,unanswerable,skill wins
VizWiz_val_00004250.jpg,Can you please describe the cards and its orientation thank you,"['unanswerable', 'unanswerable', 'tarot moon sideways', 'unanswerable', 'moon left side on bottom', 'tarot', 'moon sideways', 'astrology moon', 'facing left', 'role playing game card moon']",queen,unanswerable,skill wins
VizWiz_val_00004255.jpg,What's in this red envelope?  ,"['unanswerable', 'sloppy joes seasoning', 'shur fine sloppy joe seasoning', 'unsiotable image', 'sloppy joe seasoning', 'seasoning', 'seasoning mix', 'sloppy joe seasoning', 'sloppy joe seasoning', 'sloppy joe seasoning']",yes,unanswerable,skill wins
VizWiz_val_00004277.jpg,Is someone standing at the door?,"['no', 'no', 'no', 'no', 'no', 'no', 'no', 'no', 'no', 'unanswerable']",yes,no,skill wins
VizWiz_val_00004308.jpg,and how big is it?,"['about 32 inches', '32 inch', 'unanswerable', 'around 4o inches', '24', 'unanswerable', 'not big', 'unanswerable', 'unanswerable', '27']",unanswerable,yes,fusion wins
